sEth,dEth,typEth,proto,sPort,dPort,Source,Destination,action
9e:8d:de:80:29:28,*,0x0800,6,*,443,*,dcape-na.amazon.com,forward
9e:8d:de:80:29:28,*,0x0800,6,*,443,*,softwareupdates.amazon.com,forward
9e:8d:de:80:29:28,*,0x0800,17,*,123,*,3.north-america.pool.ntp.org,forward
9e:8d:de:80:29:28,*,*,2,*,*,*,224.0.0.22/32,forward
9e:8d:de:80:29:28,*,0x0800,17,*,1900,*,239.255.255.250/32,forward
9e:8d:de:80:29:28,ff:ff:ff:ff:ff:ff,0x0800,17,*,67,*,255.255.255.255/32,forward
9e:8d:de:80:29:28,*,0x0800,17,*,123,*,ntp-g7g.amazon.com,forward
9e:8d:de:80:29:28,*,0x0800,6,*,443,*,todo-ta-g7g.amazon.com,forward
*,*,0x0800,1,*,*,*,*,forward
9e:8d:de:80:29:28,*,0x0800,6,*,80,*,www.example.org,forward
*,*,0x0800,17,*,53,*,*,forward
9e:8d:de:80:29:28,*,0x0800,6,*,443,*,pindorama-us-west-2.amazon.com,forward
9e:8d:de:80:29:28,*,0x0800,6,*,443,*,tinytts-us-west-2.amazon.com,forward
9e:8d:de:80:29:28,*,0x0800,17,*,53,*,208.67.220.220/32,forward
9e:8d:de:80:29:28,*,0x0800,6,*,443,*,device-fingerprintdb-v1.s3.amazonaws.com,forward
9e:8d:de:80:29:28,*,0x0800,6,*,443,*,api.amazonalexa.com,forward
9e:8d:de:80:29:28,*,0x0800,6,*,80,*,www.example.com,forward
9e:8d:de:80:29:28,*,0x0800,17,*,123,*,1.north-america.pool.ntp.org,forward
9e:8d:de:80:29:28,*,0x0800,6,*,443,*,www.meethue.com,forward
*,*,0x0800,17,*,67,*,*,forward
9e:8d:de:80:29:28,*,0x0800,17,*,123,*,2.north-america.pool.ntp.org,forward
9e:8d:de:80:29:28,*,0x0800,6,*,80,*,kindle-time.amazon.com,forward
9e:8d:de:80:29:28,*,0x0800,6,*,443,*,device-metrics-us.amazon.com,forward
9e:8d:de:80:29:28,*,0x0800,6,*,443,*,files.whooshkaa.com,forward
9e:8d:de:80:29:28,*,0x0800,17,*,5353,*,224.0.0.251/32,forward
9e:8d:de:80:29:28,*,0x0800,17,*,33434,*,pins.amazon.com,forward
9e:8d:de:80:29:28,*,0x0800,6,*,443,*,media.whooshkaa.com,forward
9e:8d:de:80:29:28,*,0x0800,17,*,123,*,0.north-america.pool.ntp.org,forward
9e:8d:de:80:29:28,*,0x0800,6,*,80,*,www.example.net,forward
*,9e:8d:de:80:29:28,0x0800,17,123,*,3.north-america.pool.ntp.org,*,forward
*,9e:8d:de:80:29:28,0x0800,17,123,*,ntp-g7g.amazon.com,*,forward
*,9e:8d:de:80:29:28,0x0800,6,443,*,api.amazonalexa.com,*,forward
*,9e:8d:de:80:29:28,0x0800,6,443,*,tinytts-us-west-2.amazon.com,*,forward
*,9e:8d:de:80:29:28,0x0800,17,123,*,2.north-america.pool.ntp.org,*,forward
*,9e:8d:de:80:29:28,0x0800,6,443,*,todo-ta-g7g.amazon.com,*,forward
*,9e:8d:de:80:29:28,0x0800,17,123,*,1.north-america.pool.ntp.org,*,forward
*,9e:8d:de:80:29:28,0x0800,17,123,*,0.north-america.pool.ntp.org,*,forward
*,9e:8d:de:80:29:28,0x0800,6,80,*,www.example.com,*,forward
*,*,0x0800,17,67,*,*,*,forward
*,9e:8d:de:80:29:28,0x0800,17,53,*,208.67.220.220/32,*,forward
*,9e:8d:de:80:29:28,0x0800,6,443,*,device-metrics-us.amazon.com,*,forward
*,*,0x0800,1,*,*,*,*,forward
*,9e:8d:de:80:29:28,0x0800,6,443,*,device-fingerprintdb-v1.s3.amazonaws.com,*,forward
*,*,0x0800,17,53,*,*,*,forward
*,9e:8d:de:80:29:28,0x0800,6,443,*,dcape-na.amazon.com,*,forward
*,9e:8d:de:80:29:28,0x0800,6,443,*,www.meethue.com,*,forward
*,9e:8d:de:80:29:28,0x0800,6,443,*,files.whooshkaa.com,*,forward
*,9e:8d:de:80:29:28,0x0800,17,33434,*,pins.amazon.com,*,forward
*,9e:8d:de:80:29:28,0x0800,6,80,*,kindle-time.amazon.com,*,forward
*,9e:8d:de:80:29:28,0x0800,6,443,*,media.whooshkaa.com,*,forward
*,9e:8d:de:80:29:28,0x0800,6,443,*,softwareupdates.amazon.com,*,forward
*,9e:8d:de:80:29:28,0x0800,6,80,*,www.example.net,*,forward
*,*,0x0800,17,*,50000,*,*,forward
*,9e:8d:de:80:29:28,0x0800,6,80,*,www.example.org,*,forward
*,9e:8d:de:80:29:28,0x0800,6,443,*,pindorama-us-west-2.amazon.com,*,forward
*,*,0x0006,*,*,*,*,*,forward
*,*,0x888e,*,*,*,*,*,forward
9e:8d:de:80:29:28,*,0x0800,6,*,443,*,336971aac5bba454b967-3ec27f5c732731b07836c69a45967ad6.ssl.cf1.rackcdn.com,forward
9e:8d:de:80:29:28,ff:ff:ff:ff:ff:ff,0x0800,17,*,67,*,255.255.255.255/32,forward
9e:8d:de:80:29:28,*,0x0800,6,*,443,*,rpsv2.video-cloud.net,forward
9e:8d:de:80:29:28,*,0x0800,6,*,443,*,iconfig.august.com,forward
*,*,0x0800,17,*,53,*,*,forward
9e:8d:de:80:29:28,*,0x0800,6,*,443,*,rpsv12.video-cloud.net,forward
9e:8d:de:80:29:28,*,0x0800,6,*,443,*,vcsv2.video-cloud.net,forward
9e:8d:de:80:29:28,*,0x0800,1,*,*,*,8.8.4.4/32,forward
9e:8d:de:80:29:28,*,0x0800,6,*,443,*,rpsv3.video-cloud.net,forward
9e:8d:de:80:29:28,*,0x0800,1,*,*,*,doorbells.august.com,forward
9e:8d:de:80:29:28,*,0x0800,6,*,443,*,rpsv7.video-cloud.net,forward
9e:8d:de:80:29:28,*,0x0800,6,*,443,*,v2servers.video-cloud.net,forward
9e:8d:de:80:29:28,*,0x0800,17,*,53,*,8.8.8.8/32,forward
*,*,0x0800,17,*,67,*,*,forward
9e:8d:de:80:29:28,*,0x0800,6,*,443,*,rpsv11.video-cloud.net,forward
9e:8d:de:80:29:28,*,0x0800,6,*,443,*,rpsv222.video-cloud.net,forward
9e:8d:de:80:29:28,*,0x0800,6,*,443,*,august.pubnub.com,forward
9e:8d:de:80:29:28,*,0x0800,6,*,443,*,logger.august.com,forward
9e:8d:de:80:29:28,*,0x0800,6,*,443,*,s3-us-west-2.amazonaws.com,forward
9e:8d:de:80:29:28,*,0x0800,6,*,443,*,rpsv4.video-cloud.net,forward
9e:8d:de:80:29:28,*,0x0800,6,*,443,*,doorbells.august.com,forward
9e:8d:de:80:29:28,*,0x0800,6,*,443,*,rbs-sticky.august.com,forward
9e:8d:de:80:29:28,*,0x0800,6,*,443,*,rpsv1.video-cloud.net,forward
9e:8d:de:80:29:28,*,0x0800,6,*,443,*,rpsv10.video-cloud.net,forward
9e:8d:de:80:29:28,*,0x0800,6,*,443,*,rpsv5.video-cloud.net,forward
9e:8d:de:80:29:28,*,0x0800,6,*,443,*,dmsv2.video-cloud.net,forward
9e:8d:de:80:29:28,*,0x0800,1,*,*,*,8.8.8.8/32,forward
*,9e:8d:de:80:29:28,0x0800,6,443,*,rpsv7.video-cloud.net,*,forward
*,9e:8d:de:80:29:28,0x0800,6,443,*,august.pubnub.com,*,forward
*,9e:8d:de:80:29:28,0x0800,6,443,*,rpsv2.video-cloud.net,*,forward
*,9e:8d:de:80:29:28,0x0800,6,443,*,s3-us-west-2.amazonaws.com,*,forward
*,9e:8d:de:80:29:28,0x0800,6,443,*,logger.august.com,*,forward
*,9e:8d:de:80:29:28,0x0800,6,443,*,336971aac5bba454b967-3ec27f5c732731b07836c69a45967ad6.ssl.cf1.rackcdn.com,*,forward
*,9e:8d:de:80:29:28,0x0800,6,443,*,rpsv11.video-cloud.net,*,forward
*,9e:8d:de:80:29:28,0x0800,6,443,*,dmsv2.video-cloud.net,*,forward
*,*,0x0800,17,67,*,*,*,forward
*,9e:8d:de:80:29:28,0x0800,1,*,*,doorbells.august.com,*,forward
*,9e:8d:de:80:29:28,0x0800,17,53,*,8.8.8.8/32,*,forward
*,9e:8d:de:80:29:28,0x0800,6,443,*,rpsv1.video-cloud.net,*,forward
*,9e:8d:de:80:29:28,0x0800,6,443,*,rpsv4.video-cloud.net,*,forward
*,9e:8d:de:80:29:28,0x0800,6,443,*,rpsv3.video-cloud.net,*,forward
*,*,0x0800,17,53,*,*,*,forward
*,9e:8d:de:80:29:28,0x0800,6,443,*,v2servers.video-cloud.net,*,forward
*,9e:8d:de:80:29:28,0x0800,6,443,*,iconfig.august.com,*,forward
*,9e:8d:de:80:29:28,0x0800,6,443,*,rpsv222.video-cloud.net,*,forward
*,9e:8d:de:80:29:28,0x0800,6,443,*,rpsv10.video-cloud.net,*,forward
*,9e:8d:de:80:29:28,0x0800,6,443,*,doorbells.august.com,*,forward
*,9e:8d:de:80:29:28,0x0800,6,443,*,vcsv2.video-cloud.net,*,forward
*,9e:8d:de:80:29:28,0x0800,6,443,*,rpsv5.video-cloud.net,*,forward
*,9e:8d:de:80:29:28,0x0800,1,*,*,8.8.8.8/32,*,forward
*,9e:8d:de:80:29:28,0x0800,1,*,*,8.8.4.4/32,*,forward
*,9e:8d:de:80:29:28,0x0800,6,443,*,rbs-sticky.august.com,*,forward
*,9e:8d:de:80:29:28,0x0800,6,443,*,rpsv12.video-cloud.net,*,forward
*,*,*,17,*,547,*,*,forward
*,*,*,58,*,*,*,*,forward
*,*,*,58,*,*,*,*,forward
*,*,*,17,*,53,*,*,forward
*,*,*,0,*,*,*,*,forward
*,*,*,17,*,53,*,*,forward
*,*,*,58,*,*,*,*,forward
*,*,*,17,547,*,*,*,forward
*,*,*,17,53,*,*,*,forward
*,*,*,17,53,*,*,*,forward
*,*,0x0006,*,*,*,*,*,forward
*,*,0x888e,*,*,*,*,*,forward
*,*,0x0800,17,*,67,*,*,forward
*,*,0x0800,17,*,53,*,*,forward
9e:8d:de:80:29:28,*,0x0800,6,*,443,*,ota.awair.is,forward
9e:8d:de:80:29:28,*,0x0800,6,*,443,*,timeserver.awair.is,forward
9e:8d:de:80:29:28,ff:ff:ff:ff:ff:ff,0x0800,17,*,67,*,255.255.255.255/32,forward
9e:8d:de:80:29:28,*,0x0800,6,*,8883,*,messaging.awair.is,forward
9e:8d:de:80:29:28,*,0x0800,17,*,53,*,8.8.8.8/32,forward
*,9e:8d:de:80:29:28,0x0800,6,8883,*,messaging.awair.is,*,forward
*,*,0x0800,17,53,*,*,*,forward
*,9e:8d:de:80:29:28,0x0800,6,443,*,timeserver.awair.is,*,forward
*,*,0x0800,17,67,*,*,*,forward
*,9e:8d:de:80:29:28,0x0800,17,53,*,8.8.8.8/32,*,forward
*,9e:8d:de:80:29:28,0x0800,6,443,*,ota.awair.is,*,forward
*,*,0x888e,*,*,*,*,*,forward
*,*,0x0006,*,*,*,*,*,forward
9e:8d:de:80:29:28,*,0x0800,6,*,443,*,origin.belkin-us.tendplatform.com,forward
9e:8d:de:80:29:28,*,0x0800,6,*,8443,*,api.xbcs.net,forward
*,*,0x0800,6,*,5104,*,*,forward
*,*,0x0800,17,*,67,*,*,forward
9e:8d:de:80:29:28,*,0x0800,17,*,1900,*,239.255.255.250/32,forward
*,*,0x0800,6,*,3478,*,*,forward
*,*,0x0800,1,*,*,*,*,forward
9e:8d:de:80:29:28,*,0x0800,1,*,*,*,ping.seedonk.com,forward
9e:8d:de:80:29:28,*,0x0800,6,*,3475,*,prod1-nat-xbcs-net-1543133972.us-east-1.elb.amazonaws.com,forward
9e:8d:de:80:29:28,*,0x0800,6,*,8899,*,devices.xbcs.net,forward
*,*,0x0800,6,9207,*,*,*,forward
9e:8d:de:80:29:28,*,0x0800,17,*,123,*,time.windows.com,forward
9e:8d:de:80:29:28,*,*,2,*,*,*,239.255.255.250/32,forward
*,*,0x0800,17,*,53,*,*,forward
9e:8d:de:80:29:28,*,0x0800,6,*,5104,*,origin.belkin-us.tendplatform.com,forward
*,*,0x0800,6,49154,*,*,*,forward
*,*,0x0800,17,*,*,*,*,forward
9e:8d:de:80:29:28,*,0x0800,6,*,3475,*,nat.xbcs.net,forward
9e:8d:de:80:29:28,*,*,2,*,*,*,224.0.0.2/32,forward
9e:8d:de:80:29:28,*,0x0800,1,*,*,*,www.google.com,forward
9e:8d:de:80:29:28,*,0x0800,17,*,53,*,8.8.8.8/32,forward
*,*,0x0800,6,49153,*,*,*,forward
*,9e:8d:de:80:29:28,0x0800,1,*,*,ping.seedonk.com,*,forward
*,*,0x0800,1,*,*,*,*,forward
*,9e:8d:de:80:29:28,0x0800,6,443,*,origin.belkin-us.tendplatform.com,*,forward
*,*,0x0800,17,53,*,*,*,forward
*,9e:8d:de:80:29:28,0x0800,6,5104,*,origin.belkin-us.tendplatform.com,*,forward
*,*,0x0800,6,*,49153,*,*,forward
*,9e:8d:de:80:29:28,0x0800,6,8899,*,devices.xbcs.net,*,forward
*,*,0x0800,6,*,9207,*,*,forward
*,9e:8d:de:80:29:28,0x0800,17,123,*,time.windows.com,*,forward
*,*,0x0800,6,*,49154,*,*,forward
*,*,0x0800,17,*,*,*,*,forward
*,9e:8d:de:80:29:28,0x0800,1,*,*,www.google.com,*,forward
*,*,0x0800,17,67,*,*,*,forward
*,*,0x0800,6,5104,*,*,*,forward
*,9e:8d:de:80:29:28,0x0800,17,53,*,8.8.8.8/32,*,forward
*,9e:8d:de:80:29:28,0x0800,6,3475,*,prod1-nat-xbcs-net-1543133972.us-east-1.elb.amazonaws.com,*,forward
*,*,0x0800,6,3478,*,*,*,forward
*,9e:8d:de:80:29:28,0x0800,6,3475,*,nat.xbcs.net,*,forward
*,9e:8d:de:80:29:28,0x0800,6,8443,*,api.xbcs.net,*,forward
*,*,0x888e,*,*,*,*,*,forward
*,*,0x0006,*,*,*,*,*,forward
9e:8d:de:80:29:28,*,*,2,*,*,*,224.0.0.1/32,forward
9e:8d:de:80:29:28,*,0x0800,6,*,8777,*,tech.carematix.com,forward
*,*,0x0800,17,*,53,*,*,forward
9e:8d:de:80:29:28,ff:ff:ff:ff:ff:ff,0x0800,17,*,67,*,255.255.255.255/32,forward
*,*,0x0800,17,53,*,*,*,forward
*,9e:8d:de:80:29:28,0x0800,6,8777,*,tech.carematix.com,*,forward
*,*,0x0800,17,67,*,*,*,forward
*,*,0x888e,*,*,*,*,*,forward
*,*,0x0006,*,*,*,*,*,forward
*,*,0x0800,17,*,67,*,*,forward
9e:8d:de:80:29:28,*,0x0800,6,*,80,*,h.canaryis.com,forward
9e:8d:de:80:29:28,*,0x0800,6,*,443,*,m.canaryis.com,forward
9e:8d:de:80:29:28,ff:ff:ff:ff:ff:ff,0x0800,17,*,67,*,255.255.255.255/32,forward
9e:8d:de:80:29:28,*,0x0800,6,*,80,*,ipv4.connman.net,forward
9e:8d:de:80:29:28,*,0x0800,6,*,443,*,b.canaryis.com,forward
9e:8d:de:80:29:28,*,0x0800,6,*,443,*,09-wl2-d-prod.canaryis.com,forward
9e:8d:de:80:29:28,*,0x0800,6,*,443,*,v.canaryis.com,forward
9e:8d:de:80:29:28,*,0x0800,6,*,443,*,o.canaryis.com,forward
9e:8d:de:80:29:28,*,0x0800,6,*,80,*,i.canaryis.com,forward
*,*,0x0800,17,*,53,*,*,forward
9e:8d:de:80:29:28,*,0x0800,6,*,443,*,i.canaryis.com,forward
9e:8d:de:80:29:28,*,0x0800,6,*,443,*,h.canaryis.com,forward
*,9e:8d:de:80:29:28,0x0800,6,443,*,i.canaryis.com,*,forward
*,9e:8d:de:80:29:28,0x0800,6,443,*,b.canaryis.com,*,forward
*,9e:8d:de:80:29:28,0x0800,6,80,*,i.canaryis.com,*,forward
*,9e:8d:de:80:29:28,0x0800,6,443,*,09-wl2-d-prod.canaryis.com,*,forward
*,9e:8d:de:80:29:28,0x0800,6,80,*,h.canaryis.com,*,forward
*,*,0x0800,17,53,*,*,*,forward
*,9e:8d:de:80:29:28,0x0800,6,443,*,o.canaryis.com,*,forward
*,9e:8d:de:80:29:28,0x0800,6,443,*,h.canaryis.com,*,forward
*,9e:8d:de:80:29:28,0x0800,6,80,*,ipv4.connman.net,*,forward
*,*,0x0800,17,67,*,*,*,forward
*,9e:8d:de:80:29:28,0x0800,6,443,*,v.canaryis.com,*,forward
*,9e:8d:de:80:29:28,0x0800,6,443,*,m.canaryis.com,*,forward
*,*,0x888e,*,*,*,*,*,forward
*,*,0x0006,*,*,*,*,*,forward
*,*,0x888e,*,*,*,*,*,forward
*,*,0x0006,*,*,*,*,*,forward
9e:8d:de:80:29:28,*,0x0800,6,*,443,*,ad.doubleclick.net,forward
9e:8d:de:80:29:28,*,*,2,*,*,*,224.0.0.251/32,forward
9e:8d:de:80:29:28,*,0x0800,17,*,443,*,pagead2.googlesyndication.com,forward
9e:8d:de:80:29:28,*,0x0800,17,*,443,*,www.googleapis.com,forward
9e:8d:de:80:29:28,*,0x0800,6,*,443,*,ajax.googleapis.com,forward
*,*,0x0800,17,*,53,*,*,forward
9e:8d:de:80:29:28,*,0x0800,6,*,443,*,storage.googleapis.com,forward
9e:8d:de:80:29:28,*,0x0800,6,*,443,*,googleads.g.doubleclick.net,forward
9e:8d:de:80:29:28,*,0x0800,17,*,443,*,tools.google.com,forward
*,*,0x0800,6,8009,*,*,*,forward
9e:8d:de:80:29:28,*,0x0800,17,*,443,*,r1---sn-55goxu-ntqe.googlevideo.com,forward
9e:8d:de:80:29:28,*,0x0800,17,*,53,*,8.8.8.8/32,forward
9e:8d:de:80:29:28,*,0x0800,6,*,80,*,android.clients.google.com,forward
9e:8d:de:80:29:28,*,0x0800,6,*,443,*,yt3.ggpht.com,forward
9e:8d:de:80:29:28,*,0x0800,17,*,443,*,www.youtube-nocookie.com,forward
9e:8d:de:80:29:28,*,0x0800,6,*,443,*,ssl.gstatic.com,forward
9e:8d:de:80:29:28,*,0x0800,6,*,443,*,google.com,forward
9e:8d:de:80:29:28,*,0x0800,6,*,443,*,tools.google.com,forward
9e:8d:de:80:29:28,*,0x0800,17,*,443,*,ad.doubleclick.net,forward
9e:8d:de:80:29:28,*,0x0800,6,*,80,*,ssl.gstatic.com,forward
9e:8d:de:80:29:28,*,0x0800,17,*,123,*,time.google.com,forward
9e:8d:de:80:29:28,*,0x0800,1,*,*,*,8.8.8.8/32,forward
9e:8d:de:80:29:28,*,0x0800,6,*,443,*,fonts.googleapis.com,forward
9e:8d:de:80:29:28,*,0x0800,6,*,80,*,clients4.google.com,forward
9e:8d:de:80:29:28,*,0x0800,17,*,443,*,lh6.googleusercontent.com,forward
9e:8d:de:80:29:28,*,0x0800,6,*,443,*,www.gstatic.com,forward
9e:8d:de:80:29:28,*,0x0800,6,*,443,*,lh5.googleusercontent.com,forward
9e:8d:de:80:29:28,*,*,2,*,*,*,239.255.255.250/32,forward
9e:8d:de:80:29:28,*,0x0800,17,*,443,*,connectivitycheck.gstatic.com,forward
9e:8d:de:80:29:28,*,0x0800,17,*,443,*,android.clients.google.com,forward
9e:8d:de:80:29:28,*,0x0800,6,*,443,*,i.ytimg.com,forward
9e:8d:de:80:29:28,*,0x0800,6,*,443,*,ade.googlesyndication.com,forward
9e:8d:de:80:29:28,*,0x0800,6,*,443,*,clients2.google.com,forward
9e:8d:de:80:29:28,*,0x0800,17,*,443,*,fonts.googleapis.com,forward
9e:8d:de:80:29:28,*,0x0800,6,*,443,*,clients4.google.com,forward
9e:8d:de:80:29:28,*,0x0800,6,*,443,*,fonts.gstatic.com,forward
9e:8d:de:80:29:28,*,0x0800,6,*,443,*,lh3.googleusercontent.com,forward
9e:8d:de:80:29:28,*,0x0800,17,*,443,*,fonts.gstatic.com,forward
9e:8d:de:80:29:28,*,0x0800,6,*,80,*,www.youtube.com,forward
9e:8d:de:80:29:28,*,0x0800,17,*,443,*,clients1.google.com,forward
9e:8d:de:80:29:28,*,0x0800,6,*,80,*,www.gstatic.com,forward
9e:8d:de:80:29:28,*,0x0800,6,*,80,*,google.com,forward
9e:8d:de:80:29:28,*,0x0800,17,*,443,*,r2---sn-ntq7yned.googlevideo.com,forward
9e:8d:de:80:29:28,*,0x0800,6,*,80,*,clients2.google.com,forward
9e:8d:de:80:29:28,*,0x0800,17,*,443,*,r4---sn-ntqe6n76.googlevideo.com,forward
9e:8d:de:80:29:28,*,0x0800,6,*,443,*,clients3.google.com,forward
9e:8d:de:80:29:28,*,0x0800,6,*,80,*,tools.google.com,forward
9e:8d:de:80:29:28,*,*,2,*,*,*,224.0.0.22/32,forward
9e:8d:de:80:29:28,*,0x0800,17,*,1900,*,239.255.255.250/32,forward
9e:8d:de:80:29:28,ff:ff:ff:ff:ff:ff,0x0800,17,*,67,*,255.255.255.255/32,forward
9e:8d:de:80:29:28,*,0x0800,1,*,*,*,clients3.google.com,forward
9e:8d:de:80:29:28,*,0x0800,17,*,443,*,clients3.google.com,forward
9e:8d:de:80:29:28,*,0x0800,6,*,5228,*,mtalk.google.com,forward
9e:8d:de:80:29:28,*,0x0800,17,*,443,*,storage.googleapis.com,forward
9e:8d:de:80:29:28,*,0x0800,1,*,*,*,android.clients.google.com,forward
9e:8d:de:80:29:28,*,0x0800,17,*,443,*,r3---sn-55goxu-ntqe.googlevideo.com,forward
*,*,0x0800,1,*,*,*,*,forward
9e:8d:de:80:29:28,*,0x0800,17,*,443,*,lh4.googleusercontent.com,forward
9e:8d:de:80:29:28,*,0x0800,6,*,80,*,clients1.google.com,forward
9e:8d:de:80:29:28,*,0x0800,6,*,443,*,www.googleapis.com,forward
9e:8d:de:80:29:28,*,0x0800,6,*,443,*,android.clients.google.com,forward
9e:8d:de:80:29:28,*,0x0800,6,*,443,*,pagead2.googlesyndication.com,forward
9e:8d:de:80:29:28,*,0x0800,17,*,443,*,google.com,forward
9e:8d:de:80:29:28,*,0x0800,6,*,443,*,cdn.ravenjs.com,forward
9e:8d:de:80:29:28,*,0x0800,17,*,443,*,www.gstatic.com,forward
9e:8d:de:80:29:28,*,0x0800,17,*,443,*,www.youtube.com,forward
9e:8d:de:80:29:28,*,0x0800,17,*,443,*,yt3.ggpht.com,forward
9e:8d:de:80:29:28,*,0x0800,17,*,443,*,lh3.googleusercontent.com,forward
9e:8d:de:80:29:28,*,0x0800,17,*,443,*,googleads.g.doubleclick.net,forward
9e:8d:de:80:29:28,*,0x0800,1,*,*,*,google.com,forward
9e:8d:de:80:29:28,*,0x0800,6,*,443,*,lh6.googleusercontent.com,forward
9e:8d:de:80:29:28,*,0x0800,17,*,5353,*,224.0.0.251/32,forward
9e:8d:de:80:29:28,*,0x0800,6,*,80,*,fonts.gstatic.com,forward
9e:8d:de:80:29:28,*,0x0800,1,*,*,*,clients4.google.com,forward
9e:8d:de:80:29:28,*,0x0800,6,*,80,*,connectivitycheck.gstatic.com,forward
9e:8d:de:80:29:28,*,0x0800,17,*,443,*,clients2.google.com,forward
9e:8d:de:80:29:28,*,*,2,*,*,*,224.0.0.2/32,forward
9e:8d:de:80:29:28,*,0x0800,6,*,443,*,r1---sn-55goxu-ntqe.googlevideo.com,forward
9e:8d:de:80:29:28,*,0x0800,6,*,443,*,clients1.google.com,forward
9e:8d:de:80:29:28,*,0x0800,17,*,443,*,ajax.googleapis.com,forward
9e:8d:de:80:29:28,*,0x0800,1,*,*,*,clients1.google.com,forward
9e:8d:de:80:29:28,*,0x0800,6,*,443,*,secure.insightexpressai.com,forward
9e:8d:de:80:29:28,*,0x0800,6,*,443,*,cast.scdn.co,forward
9e:8d:de:80:29:28,*,0x0800,6,*,443,*,securepubads.g.doubleclick.net,forward
9e:8d:de:80:29:28,*,0x0800,1,*,*,*,tools.google.com,forward
9e:8d:de:80:29:28,*,0x0800,17,*,443,*,clients4.google.com,forward
9e:8d:de:80:29:28,*,0x0800,6,*,443,*,api-partner.spotify.com,forward
9e:8d:de:80:29:28,*,0x0800,1,*,*,*,www.youtube.com,forward
9e:8d:de:80:29:28,*,0x0800,6,*,443,*,www.youtube.com,forward
9e:8d:de:80:29:28,*,0x0800,1,*,*,*,clients2.google.com,forward
9e:8d:de:80:29:28,*,0x0800,17,*,443,*,ssl.gstatic.com,forward
9e:8d:de:80:29:28,*,0x0800,17,*,443,*,ade.googlesyndication.com,forward
*,*,0x0800,17,*,67,*,*,forward
9e:8d:de:80:29:28,*,0x0800,6,*,443,*,r4---sn-ntqe6n76.googlevideo.com,forward
9e:8d:de:80:29:28,*,0x0800,6,*,80,*,clients3.google.com,forward
9e:8d:de:80:29:28,*,0x0800,17,*,443,*,lh5.googleusercontent.com,forward
9e:8d:de:80:29:28,*,0x0800,6,*,443,*,www.youtube-nocookie.com,forward
9e:8d:de:80:29:28,*,0x0800,6,*,443,*,connectivitycheck.gstatic.com,forward
9e:8d:de:80:29:28,*,0x0800,6,*,443,*,lh4.googleusercontent.com,forward
*,*,0x0800,6,8008,*,*,*,forward
9e:8d:de:80:29:28,*,0x0800,17,*,443,*,securepubads.g.doubleclick.net,forward
9e:8d:de:80:29:28,*,0x0800,17,*,443,*,i.ytimg.com,forward
*,9e:8d:de:80:29:28,0x0800,6,80,*,ssl.gstatic.com,*,forward
*,9e:8d:de:80:29:28,0x0800,6,443,*,cast.scdn.co,*,forward
*,9e:8d:de:80:29:28,0x0800,6,443,*,www.youtube.com,*,forward
*,9e:8d:de:80:29:28,0x0800,6,443,*,lh4.googleusercontent.com,*,forward
*,9e:8d:de:80:29:28,0x0800,17,443,*,android.clients.google.com,*,forward
*,9e:8d:de:80:29:28,0x0800,17,443,*,clients2.google.com,*,forward
*,9e:8d:de:80:29:28,0x0800,17,443,*,www.youtube-nocookie.com,*,forward
*,9e:8d:de:80:29:28,0x0800,6,80,*,clients3.google.com,*,forward
*,9e:8d:de:80:29:28,0x0800,6,443,*,clients3.google.com,*,forward
*,9e:8d:de:80:29:28,0x0800,17,443,*,r2---sn-ntq7yned.googlevideo.com,*,forward
*,9e:8d:de:80:29:28,0x0800,6,443,*,www.gstatic.com,*,forward
*,9e:8d:de:80:29:28,0x0800,6,443,*,googleads.g.doubleclick.net,*,forward
*,*,0x0800,17,67,*,*,*,forward
*,9e:8d:de:80:29:28,0x0800,17,443,*,clients3.google.com,*,forward
*,9e:8d:de:80:29:28,0x0800,6,443,*,clients1.google.com,*,forward
*,9e:8d:de:80:29:28,0x0800,17,53,*,8.8.8.8/32,*,forward
*,9e:8d:de:80:29:28,0x0800,17,443,*,lh6.googleusercontent.com,*,forward
*,9e:8d:de:80:29:28,0x0800,1,*,*,clients1.google.com,*,forward
*,9e:8d:de:80:29:28,0x0800,6,443,*,r4---sn-ntqe6n76.googlevideo.com,*,forward
*,9e:8d:de:80:29:28,0x0800,6,80,*,tools.google.com,*,forward
*,*,0x0800,1,*,*,*,*,forward
*,9e:8d:de:80:29:28,0x0800,17,443,*,r1---sn-55goxu-ntqe.googlevideo.com,*,forward
*,9e:8d:de:80:29:28,0x0800,17,443,*,r4---sn-ntqe6n76.googlevideo.com,*,forward
*,*,0x0800,17,53,*,*,*,forward
*,9e:8d:de:80:29:28,0x0800,1,*,*,tools.google.com,*,forward
*,9e:8d:de:80:29:28,0x0800,17,443,*,lh4.googleusercontent.com,*,forward
*,9e:8d:de:80:29:28,0x0800,1,*,*,google.com,*,forward
*,9e:8d:de:80:29:28,0x0800,17,443,*,clients4.google.com,*,forward
*,*,0x0800,6,*,8008,*,*,forward
*,9e:8d:de:80:29:28,0x0800,17,123,*,time.google.com,*,forward
*,9e:8d:de:80:29:28,0x0800,6,5228,*,mtalk.google.com,*,forward
*,9e:8d:de:80:29:28,0x0800,6,80,*,www.gstatic.com,*,forward
*,9e:8d:de:80:29:28,0x0800,6,80,*,www.youtube.com,*,forward
*,9e:8d:de:80:29:28,0x0800,17,443,*,lh3.googleusercontent.com,*,forward
*,9e:8d:de:80:29:28,0x0800,17,443,*,fonts.gstatic.com,*,forward
*,9e:8d:de:80:29:28,0x0800,1,*,*,8.8.8.8/32,*,forward
*,9e:8d:de:80:29:28,0x0800,6,443,*,android.clients.google.com,*,forward
*,9e:8d:de:80:29:28,0x0800,17,443,*,yt3.ggpht.com,*,forward
*,9e:8d:de:80:29:28,0x0800,6,443,*,securepubads.g.doubleclick.net,*,forward
*,9e:8d:de:80:29:28,0x0800,6,80,*,clients2.google.com,*,forward
*,9e:8d:de:80:29:28,0x0800,1,*,*,clients4.google.com,*,forward
*,9e:8d:de:80:29:28,0x0800,6,443,*,ade.googlesyndication.com,*,forward
*,9e:8d:de:80:29:28,0x0800,6,443,*,fonts.gstatic.com,*,forward
*,9e:8d:de:80:29:28,0x0800,6,443,*,cdn.ravenjs.com,*,forward
*,9e:8d:de:80:29:28,0x0800,6,80,*,connectivitycheck.gstatic.com,*,forward
*,9e:8d:de:80:29:28,0x0800,17,443,*,www.gstatic.com,*,forward
*,9e:8d:de:80:29:28,0x0800,1,*,*,clients2.google.com,*,forward
*,9e:8d:de:80:29:28,0x0800,6,443,*,secure.insightexpressai.com,*,forward
*,9e:8d:de:80:29:28,0x0800,6,443,*,storage.googleapis.com,*,forward
*,9e:8d:de:80:29:28,0x0800,6,443,*,fonts.googleapis.com,*,forward
*,9e:8d:de:80:29:28,0x0800,6,443,*,clients4.google.com,*,forward
*,9e:8d:de:80:29:28,0x0800,17,443,*,ajax.googleapis.com,*,forward
*,9e:8d:de:80:29:28,0x0800,17,443,*,connectivitycheck.gstatic.com,*,forward
*,9e:8d:de:80:29:28,0x0800,6,443,*,google.com,*,forward
*,9e:8d:de:80:29:28,0x0800,1,*,*,www.youtube.com,*,forward
*,9e:8d:de:80:29:28,0x0800,6,443,*,www.youtube-nocookie.com,*,forward
*,9e:8d:de:80:29:28,0x0800,17,443,*,r3---sn-55goxu-ntqe.googlevideo.com,*,forward
*,9e:8d:de:80:29:28,0x0800,6,443,*,api-partner.spotify.com,*,forward
*,9e:8d:de:80:29:28,0x0800,6,443,*,lh6.googleusercontent.com,*,forward
*,9e:8d:de:80:29:28,0x0800,6,443,*,clients2.google.com,*,forward
*,9e:8d:de:80:29:28,0x0800,17,443,*,lh5.googleusercontent.com,*,forward
*,9e:8d:de:80:29:28,0x0800,17,443,*,ade.googlesyndication.com,*,forward
*,9e:8d:de:80:29:28,0x0800,1,*,*,android.clients.google.com,*,forward
*,9e:8d:de:80:29:28,0x0800,17,443,*,storage.googleapis.com,*,forward
*,9e:8d:de:80:29:28,0x0800,6,80,*,clients4.google.com,*,forward
*,9e:8d:de:80:29:28,0x0800,17,443,*,pagead2.googlesyndication.com,*,forward
*,*,0x0800,6,*,8009,*,*,forward
*,9e:8d:de:80:29:28,0x0800,6,443,*,ad.doubleclick.net,*,forward
*,9e:8d:de:80:29:28,0x0800,6,80,*,google.com,*,forward
*,9e:8d:de:80:29:28,0x0800,6,443,*,lh3.googleusercontent.com,*,forward
*,9e:8d:de:80:29:28,0x0800,17,443,*,google.com,*,forward
*,9e:8d:de:80:29:28,0x0800,6,80,*,android.clients.google.com,*,forward
*,9e:8d:de:80:29:28,0x0800,1,*,*,clients3.google.com,*,forward
*,9e:8d:de:80:29:28,0x0800,6,443,*,ssl.gstatic.com,*,forward
*,9e:8d:de:80:29:28,0x0800,6,443,*,yt3.ggpht.com,*,forward
*,9e:8d:de:80:29:28,0x0800,17,443,*,www.youtube.com,*,forward
*,9e:8d:de:80:29:28,0x0800,17,443,*,googleads.g.doubleclick.net,*,forward
*,9e:8d:de:80:29:28,0x0800,6,443,*,www.googleapis.com,*,forward
*,9e:8d:de:80:29:28,0x0800,6,443,*,tools.google.com,*,forward
*,9e:8d:de:80:29:28,0x0800,17,443,*,i.ytimg.com,*,forward
*,9e:8d:de:80:29:28,0x0800,6,80,*,fonts.gstatic.com,*,forward
*,9e:8d:de:80:29:28,0x0800,17,443,*,ad.doubleclick.net,*,forward
*,9e:8d:de:80:29:28,0x0800,6,443,*,i.ytimg.com,*,forward
*,9e:8d:de:80:29:28,0x0800,6,80,*,clients1.google.com,*,forward
*,9e:8d:de:80:29:28,0x0800,17,443,*,ssl.gstatic.com,*,forward
*,9e:8d:de:80:29:28,0x0800,6,443,*,r1---sn-55goxu-ntqe.googlevideo.com,*,forward
*,9e:8d:de:80:29:28,0x0800,6,443,*,lh5.googleusercontent.com,*,forward
*,9e:8d:de:80:29:28,0x0800,17,443,*,www.googleapis.com,*,forward
*,9e:8d:de:80:29:28,0x0800,6,443,*,ajax.googleapis.com,*,forward
*,9e:8d:de:80:29:28,0x0800,6,443,*,connectivitycheck.gstatic.com,*,forward
*,9e:8d:de:80:29:28,0x0800,17,443,*,tools.google.com,*,forward
*,9e:8d:de:80:29:28,0x0800,6,443,*,pagead2.googlesyndication.com,*,forward
*,9e:8d:de:80:29:28,0x0800,17,443,*,clients1.google.com,*,forward
*,9e:8d:de:80:29:28,0x0800,17,443,*,securepubads.g.doubleclick.net,*,forward
*,9e:8d:de:80:29:28,0x0800,17,443,*,fonts.googleapis.com,*,forward
*,*,*,58,*,*,*,*,forward
*,*,*,0,*,*,*,*,forward
*,*,0x0006,*,*,*,*,*,forward
*,*,0x888e,*,*,*,*,*,forward
9e:8d:de:80:29:28,*,0x0800,17,*,123,*,pool.ntp.org,forward
9e:8d:de:80:29:28,*,0x0800,6,*,443,*,oculus2275-us1.dropcam.com,forward
*,*,0x0800,17,*,67,*,*,forward
9e:8d:de:80:29:28,*,0x0800,6,*,443,*,nexus.dropcam.com,forward
*,*,0x0800,17,*,53,*,*,forward
9e:8d:de:80:29:28,ff:ff:ff:ff:ff:ff,0x0800,17,*,67,*,255.255.255.255/32,forward
9e:8d:de:80:29:28,*,0x0800,6,*,443,*,nexus-us1.dropcam.com,forward
9e:8d:de:80:29:28,*,0x0800,17,*,53,*,8.8.4.4/32,forward
9e:8d:de:80:29:28,*,0x0800,17,*,53,*,8.8.8.8/32,forward
*,9e:8d:de:80:29:28,0x0800,6,443,*,oculus2275-us1.dropcam.com,*,forward
*,9e:8d:de:80:29:28,0x0800,6,443,*,nexus-us1.dropcam.com,*,forward
*,*,0x0800,17,53,*,*,*,forward
*,9e:8d:de:80:29:28,0x0800,6,443,*,nexus.dropcam.com,*,forward
*,*,0x0800,17,67,*,*,*,forward
*,9e:8d:de:80:29:28,0x0800,17,53,*,8.8.8.8/32,*,forward
*,9e:8d:de:80:29:28,0x0800,17,53,*,8.8.4.4/32,*,forward
*,9e:8d:de:80:29:28,0x0800,17,123,*,pool.ntp.org,*,forward
*,*,0x888e,*,*,*,*,*,forward
*,*,0x0006,*,*,*,*,*,forward
*,*,0x0800,17,*,67,*,*,forward
*,*,0x0800,17,*,53,*,*,forward
9e:8d:de:80:29:28,*,0x0800,6,*,443,*,puppeteer.toytalk.com,forward
9e:8d:de:80:29:28,ff:ff:ff:ff:ff:ff,0x0800,17,*,67,*,255.255.255.255/32,forward
9e:8d:de:80:29:28,*,0x0800,6,*,443,*,firmware.toytalk.com,forward
9e:8d:de:80:29:28,*,0x0800,6,*,443,*,storage.toytalk.com,forward
*,*,0x0800,17,53,*,*,*,forward
*,9e:8d:de:80:29:28,0x0800,6,443,*,puppeteer.toytalk.com,*,forward
*,9e:8d:de:80:29:28,0x0800,6,443,*,firmware.toytalk.com,*,forward
*,*,0x0800,17,67,*,*,*,forward
*,9e:8d:de:80:29:28,0x0800,6,443,*,storage.toytalk.com,*,forward
*,*,0x888e,*,*,*,*,*,forward
*,*,0x0006,*,*,*,*,*,forward
9e:8d:de:80:29:28,*,0x0800,6,*,5222,*,xmpp009.hpeprint.com,forward
9e:8d:de:80:29:28,*,*,2,*,*,*,224.0.1.60/32,forward
9e:8d:de:80:29:28,ff:ff:ff:ff:ff:ff,0x0800,17,*,67,*,255.255.255.255/32,forward
9e:8d:de:80:29:28,*,0x0800,6,*,443,*,xmpp009.hpeprint.com,forward
9e:8d:de:80:29:28,*,0x0800,6,*,80,*,xmpp009.hpeprint.com,forward
*,ff:ff:ff:ff:ff:ff,0x0800,17,*,137,*,*,forward
9e:8d:de:80:29:28,*,*,2,*,*,*,239.255.255.250/32,forward
*,*,0x0800,17,*,53,*,*,forward
9e:8d:de:80:29:28,*,0x0800,17,*,5355,*,224.0.0.252/32,forward
*,*,0x0800,17,*,67,*,*,forward
9e:8d:de:80:29:28,*,0x0800,6,*,80,*,chat.hpeprint.com,forward
9e:8d:de:80:29:28,*,0x0800,17,*,5353,*,224.0.0.251/32,forward
9e:8d:de:80:29:28,*,0x0800,6,*,5223,*,xmpp009.hpeprint.com,forward
9e:8d:de:80:29:28,*,0x0800,6,*,443,*,chat.hpeprint.com,forward
9e:8d:de:80:29:28,*,0x0800,6,*,80,*,h10141.www1.hp.com,forward
*,*,0x0800,17,5353,*,*,*,forward
*,*,0x0800,6,80,*,*,*,forward
*,9e:8d:de:80:29:28,0x0800,6,80,*,xmpp009.hpeprint.com,*,forward
*,*,0x0800,17,53,*,*,*,forward
*,9e:8d:de:80:29:28,0x0800,6,80,*,h10141.www1.hp.com,*,forward
*,*,0x0800,17,67,*,*,*,forward
*,9e:8d:de:80:29:28,0x0800,6,443,*,xmpp009.hpeprint.com,*,forward
*,9e:8d:de:80:29:28,0x0800,6,5223,*,xmpp009.hpeprint.com,*,forward
*,*,0x0800,6,*,80,*,*,forward
*,9e:8d:de:80:29:28,0x0800,6,443,*,chat.hpeprint.com,*,forward
*,9e:8d:de:80:29:28,0x0800,6,80,*,chat.hpeprint.com,*,forward
*,9e:8d:de:80:29:28,0x0800,6,5222,*,xmpp009.hpeprint.com,*,forward
*,*,*,58,*,*,*,*,forward
*,*,*,44,*,*,*,*,forward
*,*,*,17,*,5353,*,*,forward
*,*,*,17,*,547,*,*,forward
*,*,*,0,*,*,*,*,forward
*,*,*,58,*,*,*,*,forward
*,*,*,17,*,53,*,*,forward
*,*,*,0,*,*,*,*,forward
*,*,*,17,5353,*,*,*,forward
*,*,*,17,*,5355,*,*,forward
*,*,*,58,*,*,*,*,forward
*,*,*,17,547,*,*,*,forward
*,*,*,17,53,*,*,*,forward
*,*,0x0006,*,*,*,*,*,forward
*,*,0x888e,*,*,*,*,*,forward
*,*,0x0800,17,*,67,*,*,forward
9e:8d:de:80:29:28,*,0x0800,6,*,80,*,www.ecdinterface.philips.com,forward
9e:8d:de:80:29:28,*,*,2,*,*,*,224.0.0.22/32,forward
9e:8d:de:80:29:28,*,0x0800,6,*,443,*,www2.meethue.com,forward
9e:8d:de:80:29:28,*,0x0800,17,*,1900,*,239.255.255.250/32,forward
9e:8d:de:80:29:28,ff:ff:ff:ff:ff:ff,0x0800,17,*,67,*,255.255.255.255/32,forward
9e:8d:de:80:29:28,*,0x0800,17,*,123,*,time2.google.com,forward
9e:8d:de:80:29:28,*,0x0800,6,*,80,*,dcp.cpp.philips.com,forward
9e:8d:de:80:29:28,*,0x0800,17,*,123,*,time4.google.com,forward
9e:8d:de:80:29:28,*,0x0800,17,*,5353,*,224.0.0.251/32,forward
9e:8d:de:80:29:28,*,0x0800,6,*,443,*,time.meethue.com,forward
9e:8d:de:80:29:28,*,0x0800,6,*,80,*,diagnostics.meethue.com,forward
*,*,0x0800,17,*,53,*,*,forward
9e:8d:de:80:29:28,*,0x0800,6,*,443,*,ws.meethue.com,forward
9e:8d:de:80:29:28,*,0x0800,17,*,123,*,time3.google.com,forward
9e:8d:de:80:29:28,*,0x0800,6,*,80,*,fds.cpp.philips.com,forward
9e:8d:de:80:29:28,*,0x0800,17,*,123,*,time1.google.com,forward
9e:8d:de:80:29:28,*,0x0800,6,*,80,*,bridge.meethue.com,forward
*,*,0x0800,6,80,*,*,*,forward
*,*,0x0800,17,53,*,*,*,forward
*,9e:8d:de:80:29:28,0x0800,17,123,*,time4.google.com,*,forward
*,9e:8d:de:80:29:28,0x0800,6,443,*,ws.meethue.com,*,forward
*,9e:8d:de:80:29:28,0x0800,17,123,*,time2.google.com,*,forward
*,9e:8d:de:80:29:28,0x0800,6,80,*,diagnostics.meethue.com,*,forward
*,9e:8d:de:80:29:28,0x0800,6,80,*,dcp.cpp.philips.com,*,forward
*,9e:8d:de:80:29:28,0x0800,6,80,*,www.ecdinterface.philips.com,*,forward
*,9e:8d:de:80:29:28,0x0800,6,80,*,bridge.meethue.com,*,forward
*,9e:8d:de:80:29:28,0x0800,6,443,*,www2.meethue.com,*,forward
*,9e:8d:de:80:29:28,0x0800,17,123,*,time1.google.com,*,forward
*,9e:8d:de:80:29:28,0x0800,17,123,*,time3.google.com,*,forward
*,9e:8d:de:80:29:28,0x0800,6,443,*,time.meethue.com,*,forward
*,9e:8d:de:80:29:28,0x0800,6,80,*,fds.cpp.philips.com,*,forward
*,*,0x0800,17,67,*,*,*,forward
*,*,0x0800,6,*,80,*,*,forward
*,*,*,0,*,*,*,*,forward
*,*,*,58,*,*,*,*,forward
*,*,*,17,*,5353,*,*,forward
*,*,*,58,*,*,*,*,forward
*,*,0x0800,17,*,67,*,*,forward
9e:8d:de:80:29:28,*,*,2,*,*,*,224.0.0.251/32,forward
9e:8d:de:80:29:28,ff:ff:ff:ff:ff:ff,0x0800,17,*,67,*,255.255.255.255/32,forward
9e:8d:de:80:29:28,*,0x0800,17,*,5353,*,224.0.0.251/32,forward
*,*,0x0800,17,*,53,*,*,forward
9e:8d:de:80:29:28,*,0x0800,6,*,443,*,mqtt.evrythng.com,forward
9e:8d:de:80:29:28,*,0x0800,6,*,80,*,time.evrythng.com,forward
*,9e:8d:de:80:29:28,0x0800,6,80,*,time.evrythng.com,*,forward
*,*,0x0800,17,53,*,*,*,forward
*,*,0x0800,17,67,*,*,*,forward
*,9e:8d:de:80:29:28,0x0800,6,443,*,mqtt.evrythng.com,*,forward
*,*,*,0,*,*,*,*,forward
*,*,*,17,*,5353,*,*,forward
*,*,*,58,*,*,*,*,forward
*,*,*,58,*,*,*,*,forward
*,*,0x888e,*,*,*,*,*,forward
*,*,0x0006,*,*,*,*,*,forward
9e:8d:de:80:29:28,*,0x0800,17,*,123,*,pool.ntp.org,forward
*,ff:ff:ff:ff:ff:ff,0x0800,17,*,56700,*,*,forward
*,*,0x0800,17,*,67,*,*,forward
*,*,0x0800,17,*,53,*,*,forward
*,*,0x0800,17,56700,*,*,*,forward
9e:8d:de:80:29:28,ff:ff:ff:ff:ff:ff,0x0800,17,*,67,*,255.255.255.255/32,forward
9e:8d:de:80:29:28,*,0x0800,6,*,56700,*,v2.broker.lifx.co,forward
9e:8d:de:80:29:28,*,0x0800,17,*,53,*,8.8.8.8/32,forward
*,9e:8d:de:80:29:28,0x0800,6,56700,*,v2.broker.lifx.co,*,forward
*,*,0x0800,17,53,*,*,*,forward
*,*,0x0800,17,67,*,*,*,forward
*,9e:8d:de:80:29:28,0x0800,17,53,*,8.8.8.8/32,*,forward
*,*,0x0800,17,*,56700,*,*,forward
*,9e:8d:de:80:29:28,0x0800,17,123,*,pool.ntp.org,*,forward
*,*,*,58,*,*,*,*,forward
*,*,*,58,*,*,*,*,forward
*,*,0x888e,*,*,*,*,*,forward
*,*,0x0006,*,*,*,*,*,forward
9e:8d:de:80:29:28,*,0x0800,6,*,11095,*,czfe22.front01.iad01.production.nest.com,forward
9e:8d:de:80:29:28,*,0x0800,6,*,11095,*,czfe89.front01.iad01.production.nest.com,forward
9e:8d:de:80:29:28,ff:ff:ff:ff:ff:ff,0x0800,17,*,67,*,255.255.255.255/32,forward
9e:8d:de:80:29:28,*,0x0800,6,*,11095,*,czfe14.front01.iad01.production.nest.com,forward
9e:8d:de:80:29:28,*,0x0800,6,*,11095,*,czfe100.front01.iad01.production.nest.com,forward
9e:8d:de:80:29:28,*,0x0800,6,*,11095,*,czfe32.front01.iad01.production.nest.com,forward
9e:8d:de:80:29:28,*,0x0800,6,*,11095,*,czfe04.front01.iad01.production.nest.com,forward
9e:8d:de:80:29:28,*,0x0800,6,*,11095,*,czfe41.front01.iad01.production.nest.com,forward
9e:8d:de:80:29:28,*,0x0800,6,*,11095,*,frontdoor.nest.com,forward
9e:8d:de:80:29:28,*,0x0800,6,*,11095,*,czfe50.front01.iad01.production.nest.com,forward
9e:8d:de:80:29:28,*,0x0800,6,*,11095,*,czfe03.front01.iad01.production.nest.com,forward
*,*,0x0800,17,*,53,*,*,forward
9e:8d:de:80:29:28,*,0x0800,6,*,11095,*,czfe11.front01.iad01.production.nest.com,forward
9e:8d:de:80:29:28,*,0x0800,6,*,11095,*,czfe21.front01.iad01.production.nest.com,forward
9e:8d:de:80:29:28,*,0x0800,6,*,11095,*,czfe30.front01.iad01.production.nest.com,forward
9e:8d:de:80:29:28,*,0x0800,6,*,11095,*,czfe79.front01.iad01.production.nest.com,forward
9e:8d:de:80:29:28,*,0x0800,6,*,11095,*,czfe17.front01.iad01.production.nest.com,forward
9e:8d:de:80:29:28,*,0x0800,6,*,11095,*,czfe16.front01.iad01.production.nest.com,forward
9e:8d:de:80:29:28,*,0x0800,6,*,11095,*,czfe53.front01.iad01.production.nest.com,forward
9e:8d:de:80:29:28,*,0x0800,6,*,11095,*,czfe109.front01.iad01.production.nest.com,forward
9e:8d:de:80:29:28,*,0x0800,6,*,11095,*,czfe71.front01.iad01.production.nest.com,forward
9e:8d:de:80:29:28,*,0x0800,6,*,11095,*,czfe84.front01.iad01.production.nest.com,forward
9e:8d:de:80:29:28,*,0x0800,6,*,11095,*,czfe108.front01.iad01.production.nest.com,forward
9e:8d:de:80:29:28,*,0x0800,6,*,11095,*,czfe49.front01.iad01.production.nest.com,forward
9e:8d:de:80:29:28,*,0x0800,6,*,11095,*,czfe66.front01.iad01.production.nest.com,forward
9e:8d:de:80:29:28,*,0x0800,6,*,11095,*,czfe67.front01.iad01.production.nest.com,forward
9e:8d:de:80:29:28,*,0x0800,6,*,11095,*,czfe48.front01.iad01.production.nest.com,forward
9e:8d:de:80:29:28,*,0x0800,6,*,11095,*,czfe70.front01.iad01.production.nest.com,forward
9e:8d:de:80:29:28,*,0x0800,6,*,11095,*,czfe33.front01.iad01.production.nest.com,forward
9e:8d:de:80:29:28,*,0x0800,6,*,11095,*,weave-logsink.nest.com,forward
9e:8d:de:80:29:28,*,0x0800,6,*,11095,*,czfe91.front01.iad01.production.nest.com,forward
9e:8d:de:80:29:28,*,0x0800,6,*,11095,*,czfe116.front01.iad01.production.nest.com,forward
9e:8d:de:80:29:28,*,0x0800,6,*,11095,*,czfe56.front01.iad01.production.nest.com,forward
9e:8d:de:80:29:28,*,0x0800,6,*,11095,*,czfe113.front01.iad01.production.nest.com,forward
9e:8d:de:80:29:28,*,0x0800,6,*,11095,*,czfe105.front01.iad01.production.nest.com,forward
9e:8d:de:80:29:28,*,0x0800,6,*,11095,*,czfe104.front01.iad01.production.nest.com,forward
9e:8d:de:80:29:28,*,0x0800,6,*,11095,*,czfe36.front01.iad01.production.nest.com,forward
9e:8d:de:80:29:28,*,0x0800,6,*,11095,*,czfe73.front01.iad01.production.nest.com,forward
9e:8d:de:80:29:28,*,0x0800,6,*,11095,*,czfe119.front01.iad01.production.nest.com,forward
*,ff:ff:ff:ff:ff:ff,0x0800,17,*,67,*,*,forward
9e:8d:de:80:29:28,*,0x0800,6,*,11095,*,czfe95.front01.iad01.production.nest.com,forward
9e:8d:de:80:29:28,*,0x0800,6,*,11095,*,czfe60.front01.iad01.production.nest.com,forward
9e:8d:de:80:29:28,*,0x0800,6,*,11095,*,czfe43.front01.iad01.production.nest.com,forward
9e:8d:de:80:29:28,*,0x0800,6,*,11095,*,czfe118.front01.iad01.production.nest.com,forward
9e:8d:de:80:29:28,*,0x0800,6,*,11095,*,czfe93.front01.iad01.production.nest.com,forward
9e:8d:de:80:29:28,*,0x0800,6,*,11095,*,czfe06.front01.iad01.production.nest.com,forward
9e:8d:de:80:29:28,*,0x0800,6,*,11095,*,czfe117.front01.iad01.production.nest.com,forward
9e:8d:de:80:29:28,*,0x0800,6,*,11095,*,czfe58.front01.iad01.production.nest.com,forward
9e:8d:de:80:29:28,*,0x0800,6,*,11095,*,czfe42.front01.iad01.production.nest.com,forward
9e:8d:de:80:29:28,*,0x0800,6,*,11095,*,czfe94.front01.iad01.production.nest.com,forward
*,9e:8d:de:80:29:28,0x0800,6,11095,*,czfe91.front01.iad01.production.nest.com,*,forward
*,9e:8d:de:80:29:28,0x0800,6,11095,*,weave-logsink.nest.com,*,forward
*,9e:8d:de:80:29:28,0x0800,6,11095,*,czfe22.front01.iad01.production.nest.com,*,forward
*,9e:8d:de:80:29:28,0x0800,6,11095,*,czfe32.front01.iad01.production.nest.com,*,forward
*,9e:8d:de:80:29:28,0x0800,6,11095,*,czfe14.front01.iad01.production.nest.com,*,forward
*,9e:8d:de:80:29:28,0x0800,6,11095,*,czfe113.front01.iad01.production.nest.com,*,forward
*,*,0x0800,17,67,*,*,*,forward
*,9e:8d:de:80:29:28,0x0800,6,11095,*,czfe36.front01.iad01.production.nest.com,*,forward
*,9e:8d:de:80:29:28,0x0800,6,11095,*,czfe04.front01.iad01.production.nest.com,*,forward
*,9e:8d:de:80:29:28,0x0800,6,11095,*,czfe108.front01.iad01.production.nest.com,*,forward
*,9e:8d:de:80:29:28,0x0800,6,11095,*,czfe42.front01.iad01.production.nest.com,*,forward
*,9e:8d:de:80:29:28,0x0800,6,11095,*,czfe58.front01.iad01.production.nest.com,*,forward
*,9e:8d:de:80:29:28,0x0800,6,11095,*,czfe41.front01.iad01.production.nest.com,*,forward
*,9e:8d:de:80:29:28,0x0800,6,11095,*,czfe79.front01.iad01.production.nest.com,*,forward
*,*,0x0800,17,53,*,*,*,forward
*,9e:8d:de:80:29:28,0x0800,6,11095,*,czfe16.front01.iad01.production.nest.com,*,forward
*,9e:8d:de:80:29:28,0x0800,6,11095,*,czfe117.front01.iad01.production.nest.com,*,forward
*,9e:8d:de:80:29:28,0x0800,6,11095,*,czfe94.front01.iad01.production.nest.com,*,forward
*,9e:8d:de:80:29:28,0x0800,6,11095,*,czfe30.front01.iad01.production.nest.com,*,forward
*,9e:8d:de:80:29:28,0x0800,6,11095,*,czfe49.front01.iad01.production.nest.com,*,forward
*,9e:8d:de:80:29:28,0x0800,6,11095,*,czfe50.front01.iad01.production.nest.com,*,forward
*,9e:8d:de:80:29:28,0x0800,6,11095,*,czfe66.front01.iad01.production.nest.com,*,forward
*,9e:8d:de:80:29:28,0x0800,6,11095,*,czfe60.front01.iad01.production.nest.com,*,forward
*,9e:8d:de:80:29:28,0x0800,6,11095,*,czfe33.front01.iad01.production.nest.com,*,forward
*,9e:8d:de:80:29:28,0x0800,6,11095,*,czfe03.front01.iad01.production.nest.com,*,forward
*,9e:8d:de:80:29:28,0x0800,6,11095,*,czfe104.front01.iad01.production.nest.com,*,forward
*,9e:8d:de:80:29:28,0x0800,6,11095,*,czfe70.front01.iad01.production.nest.com,*,forward
*,9e:8d:de:80:29:28,0x0800,6,11095,*,czfe11.front01.iad01.production.nest.com,*,forward
*,9e:8d:de:80:29:28,0x0800,6,11095,*,czfe53.front01.iad01.production.nest.com,*,forward
*,9e:8d:de:80:29:28,0x0800,6,11095,*,czfe109.front01.iad01.production.nest.com,*,forward
*,9e:8d:de:80:29:28,0x0800,6,11095,*,czfe43.front01.iad01.production.nest.com,*,forward
*,9e:8d:de:80:29:28,0x0800,6,11095,*,czfe21.front01.iad01.production.nest.com,*,forward
*,9e:8d:de:80:29:28,0x0800,6,11095,*,czfe95.front01.iad01.production.nest.com,*,forward
*,9e:8d:de:80:29:28,0x0800,6,11095,*,czfe119.front01.iad01.production.nest.com,*,forward
*,9e:8d:de:80:29:28,0x0800,6,11095,*,frontdoor.nest.com,*,forward
*,9e:8d:de:80:29:28,0x0800,6,11095,*,czfe73.front01.iad01.production.nest.com,*,forward
*,9e:8d:de:80:29:28,0x0800,6,11095,*,czfe118.front01.iad01.production.nest.com,*,forward
*,9e:8d:de:80:29:28,0x0800,6,11095,*,czfe84.front01.iad01.production.nest.com,*,forward
*,9e:8d:de:80:29:28,0x0800,6,11095,*,czfe48.front01.iad01.production.nest.com,*,forward
*,9e:8d:de:80:29:28,0x0800,6,11095,*,czfe89.front01.iad01.production.nest.com,*,forward
*,9e:8d:de:80:29:28,0x0800,6,11095,*,czfe06.front01.iad01.production.nest.com,*,forward
*,9e:8d:de:80:29:28,0x0800,6,11095,*,czfe17.front01.iad01.production.nest.com,*,forward
*,9e:8d:de:80:29:28,0x0800,6,11095,*,czfe67.front01.iad01.production.nest.com,*,forward
*,9e:8d:de:80:29:28,0x0800,6,11095,*,czfe71.front01.iad01.production.nest.com,*,forward
*,9e:8d:de:80:29:28,0x0800,6,11095,*,czfe56.front01.iad01.production.nest.com,*,forward
*,9e:8d:de:80:29:28,0x0800,6,11095,*,czfe105.front01.iad01.production.nest.com,*,forward
*,9e:8d:de:80:29:28,0x0800,6,11095,*,czfe116.front01.iad01.production.nest.com,*,forward
*,9e:8d:de:80:29:28,0x0800,6,11095,*,czfe93.front01.iad01.production.nest.com,*,forward
*,9e:8d:de:80:29:28,0x0800,6,11095,*,czfe100.front01.iad01.production.nest.com,*,forward
*,*,*,58,*,*,*,*,forward
*,*,*,58,*,*,*,*,forward
*,*,*,0,*,*,*,*,forward
*,*,0x0006,*,*,*,*,*,forward
*,*,0x888e,*,*,*,*,*,forward
9e:8d:de:80:29:28,*,0x0800,17,*,123,*,2.android.pool.ntp.org,forward
9e:8d:de:80:29:28,ff:ff:ff:ff:ff:ff,0x0800,17,*,67,*,255.255.255.255/32,forward
9e:8d:de:80:29:28,*,0x0800,1,*,*,*,v7.netatmo.net,forward
9e:8d:de:80:29:28,*,0x0800,17,*,4500,*,v4.netatmo.net,forward
9e:8d:de:80:29:28,*,0x0800,17,*,500,*,v2.netatmo.net,forward
9e:8d:de:80:29:28,*,0x0800,17,*,500,*,vpn.netatmo.net,forward
*,*,0x0800,17,*,53,*,*,forward
9e:8d:de:80:29:28,*,0x0800,1,*,*,*,v9.netatmo.net,forward
9e:8d:de:80:29:28,*,0x0800,1,*,*,*,v3.netatmo.net,forward
9e:8d:de:80:29:28,*,0x0800,1,*,*,*,v4.netatmo.net,forward
9e:8d:de:80:29:28,*,0x0800,1,*,*,*,v8.netatmo.net,forward
*,*,0x0800,17,*,67,*,*,forward
9e:8d:de:80:29:28,*,0x0800,17,*,4500,*,v2.netatmo.net,forward
9e:8d:de:80:29:28,*,0x0800,1,*,*,*,vpn.netatmo.net,forward
9e:8d:de:80:29:28,*,0x0800,1,*,*,*,v2.netatmo.net,forward
9e:8d:de:80:29:28,*,0x0800,6,*,80,*,clients3.google.com,forward
9e:8d:de:80:29:28,*,0x0800,1,*,*,*,v5.netatmo.net,forward
9e:8d:de:80:29:28,*,0x0800,6,*,443,*,apicom.netatmo.net,forward
9e:8d:de:80:29:28,*,0x0800,17,*,123,*,3.android.pool.ntp.org,forward
9e:8d:de:80:29:28,*,0x0800,17,*,500,*,v4.netatmo.net,forward
9e:8d:de:80:29:28,*,0x0800,17,*,4500,*,vpn.netatmo.net,forward
*,*,0x0800,6,80,*,*,*,forward
*,9e:8d:de:80:29:28,0x0800,17,4500,*,vpn.netatmo.net,*,forward
*,*,0x0800,17,53,*,*,*,forward
*,9e:8d:de:80:29:28,0x0800,1,*,*,v3.netatmo.net,*,forward
*,9e:8d:de:80:29:28,0x0800,17,123,*,2.android.pool.ntp.org,*,forward
*,9e:8d:de:80:29:28,0x0800,1,*,*,v8.netatmo.net,*,forward
*,9e:8d:de:80:29:28,0x0800,1,*,*,v4.netatmo.net,*,forward
*,9e:8d:de:80:29:28,0x0800,6,80,*,clients3.google.com,*,forward
*,9e:8d:de:80:29:28,0x0800,6,443,*,apicom.netatmo.net,*,forward
*,9e:8d:de:80:29:28,0x0800,17,500,*,v2.netatmo.net,*,forward
*,9e:8d:de:80:29:28,0x0800,17,500,*,v4.netatmo.net,*,forward
*,9e:8d:de:80:29:28,0x0800,17,500,*,vpn.netatmo.net,*,forward
*,9e:8d:de:80:29:28,0x0800,1,*,*,vpn.netatmo.net,*,forward
*,9e:8d:de:80:29:28,0x0800,17,123,*,3.android.pool.ntp.org,*,forward
*,9e:8d:de:80:29:28,0x0800,1,*,*,v2.netatmo.net,*,forward
*,*,0x0800,17,67,*,*,*,forward
*,9e:8d:de:80:29:28,0x0800,1,*,*,v7.netatmo.net,*,forward
*,9e:8d:de:80:29:28,0x0800,17,4500,*,v2.netatmo.net,*,forward
*,9e:8d:de:80:29:28,0x0800,1,*,*,v9.netatmo.net,*,forward
*,*,0x0800,6,*,80,*,*,forward
*,9e:8d:de:80:29:28,0x0800,1,*,*,v5.netatmo.net,*,forward
*,9e:8d:de:80:29:28,0x0800,17,4500,*,v4.netatmo.net,*,forward
*,*,*,58,*,*,*,*,forward
*,*,*,58,*,*,*,*,forward
*,*,*,0,*,*,*,*,forward
*,*,0x0006,*,*,*,*,*,forward
*,*,0x888e,*,*,*,*,*,forward
*,*,0x0800,17,*,67,*,*,forward
*,*,0x0800,17,*,53,*,*,forward
9e:8d:de:80:29:28,ff:ff:ff:ff:ff:ff,0x0800,17,*,67,*,255.255.255.255/32,forward
9e:8d:de:80:29:28,*,0x0800,6,*,25050,*,netcom.netatmo.net,forward
*,*,0x0800,17,53,*,*,*,forward
*,9e:8d:de:80:29:28,0x0800,6,25050,*,netcom.netatmo.net,*,forward
*,*,0x0800,17,67,*,*,*,forward
*,*,0x888e,*,*,*,*,*,forward
*,*,0x0006,*,*,*,*,*,forward
*,*,0x0800,17,*,67,*,*,forward
9e:8d:de:80:29:28,ff:ff:ff:ff:ff:ff,0x0800,17,*,67,*,255.255.255.255/32,forward
9e:8d:de:80:29:28,*,0x0800,17,*,137,*,127.0.0.1/32,forward
9e:8d:de:80:29:28,*,0x0800,6,*,80,*,iptime.pix-star.com,forward
9e:8d:de:80:29:28,*,0x0800,6,*,443,*,api.pix-star.com,forward
*,ff:ff:ff:ff:ff:ff,0x0800,17,*,137,*,*,forward
*,ff:ff:ff:ff:ff:ff,0x0800,17,*,138,*,*,forward
*,*,0x0800,17,*,53,*,*,forward
*,9e:8d:de:80:29:28,0x0800,6,80,*,iptime.pix-star.com,*,forward
*,*,0x0800,17,53,*,*,*,forward
*,*,0x0800,17,67,*,*,*,forward
*,9e:8d:de:80:29:28,0x0800,6,443,*,api.pix-star.com,*,forward
*,*,*,0,*,*,*,*,forward
*,*,*,58,*,*,*,*,forward
*,*,*,58,*,*,*,*,forward
*,*,0x888e,*,*,*,*,*,forward
*,*,0x0006,*,*,*,*,*,forward
*,*,0x0800,17,*,67,*,*,forward
*,*,0x0800,17,*,53,*,*,forward
9e:8d:de:80:29:28,ff:ff:ff:ff:ff:ff,0x0800,17,*,67,*,255.255.255.255/32,forward
9e:8d:de:80:29:28,*,0x0800,6,*,443,*,wu.ring.com,forward
9e:8d:de:80:29:28,*,0x0800,6,*,80,*,fw.ring.com,forward
9e:8d:de:80:29:28,*,0x0800,6,*,9998,*,rss-dpd-service.ring.com,forward
9e:8d:de:80:29:28,*,0x0800,17,*,123,*,2.pool.ntp.org,forward
9e:8d:de:80:29:28,*,0x0800,17,*,53,*,8.8.8.8/32,forward
*,9e:8d:de:80:29:28,0x0800,6,80,*,fw.ring.com,*,forward
*,*,0x0800,17,53,*,*,*,forward
*,9e:8d:de:80:29:28,0x0800,17,123,*,2.pool.ntp.org,*,forward
*,9e:8d:de:80:29:28,0x0800,6,443,*,wu.ring.com,*,forward
*,*,0x0800,17,67,*,*,*,forward
*,9e:8d:de:80:29:28,0x0800,17,53,*,8.8.8.8/32,*,forward
*,9e:8d:de:80:29:28,0x0800,6,9998,*,rss-dpd-service.ring.com,*,forward
*,*,0x888e,*,*,*,*,*,forward
*,*,0x0006,*,*,*,*,*,forward
9e:8d:de:80:29:28,*,0x0800,17,*,123,*,europe.pool.ntp.org,forward
9e:8d:de:80:29:28,*,*,2,*,*,*,224.0.0.251/32,forward
*,*,0x0800,6,*,*,*,*,forward
9e:8d:de:80:29:28,*,*,2,*,*,*,224.0.0.22/32,forward
9e:8d:de:80:29:28,*,0x0800,17,*,1900,*,239.255.255.250/32,forward
9e:8d:de:80:29:28,ff:ff:ff:ff:ff:ff,0x0800,17,*,67,*,255.255.255.255/32,forward
*,*,0x0800,17,*,*,*,*,forward
9e:8d:de:80:29:28,*,0x0800,17,*,123,*,pool.ntp.org,forward
*,*,0x0800,6,*,*,*,*,forward
9e:8d:de:80:29:28,*,*,2,*,*,*,239.255.255.250/32,forward
*,*,0x0800,17,*,53,*,*,forward
*,*,0x0800,6,49152,*,*,*,forward
*,*,0x0800,17,*,*,*,*,forward
9e:8d:de:80:29:28,*,0x0800,6,*,5222,*,xmpp.samsungsmartcam.com,forward
*,*,0x0800,17,*,67,*,*,forward
9e:8d:de:80:29:28,*,0x0800,17,*,123,*,asia.pool.ntp.org,forward
9e:8d:de:80:29:28,*,0x0800,6,*,443,*,media.samsungsmartcam.com,forward
9e:8d:de:80:29:28,*,*,2,*,*,*,224.0.0.2/32,forward
*,*,0x0800,6,80,*,*,*,forward
*,*,0x0800,17,53,*,*,*,forward
*,*,0x0800,6,*,*,*,*,forward
*,9e:8d:de:80:29:28,0x0800,17,123,*,europe.pool.ntp.org,*,forward
*,*,0x0800,6,*,*,*,*,forward
*,9e:8d:de:80:29:28,0x0800,17,123,*,asia.pool.ntp.org,*,forward
*,9e:8d:de:80:29:28,0x0800,6,443,*,media.samsungsmartcam.com,*,forward
*,*,0x0800,17,*,*,*,*,forward
*,*,0x0800,17,67,*,*,*,forward
*,*,0x0800,17,*,*,*,*,forward
*,*,0x0800,6,*,49152,*,*,forward
*,*,0x0800,6,*,80,*,*,forward
*,9e:8d:de:80:29:28,0x0800,6,5222,*,xmpp.samsungsmartcam.com,*,forward
*,9e:8d:de:80:29:28,0x0800,17,123,*,pool.ntp.org,*,forward
*,*,*,58,*,*,*,*,forward
*,*,*,17,*,1900,*,*,forward
*,*,*,17,*,5353,*,*,forward
*,*,*,58,*,*,*,*,forward
*,*,*,0,*,*,*,*,forward
*,*,0x0006,*,*,*,*,*,forward
*,*,0x888e,*,*,*,*,*,forward
9e:8d:de:80:29:28,*,0x0800,17,*,123,*,pool.ntp.org,forward
*,*,0x0800,17,*,53,*,*,forward
9e:8d:de:80:29:28,*,0x0800,6,*,443,*,dc-na02-useast1.connect.smartthings.com,forward
9e:8d:de:80:29:28,ff:ff:ff:ff:ff:ff,0x0800,17,*,67,*,255.255.255.255/32,forward
9e:8d:de:80:29:28,*,0x0800,17,*,1900,*,239.255.255.250/32,forward
9e:8d:de:80:29:28,*,0x0800,6,*,443,*,DC.connect.smartthings.com,forward
*,*,0x0800,17,*,39402,*,*,forward
*,*,0x0800,17,*,39401,*,*,forward
*,*,0x0800,17,53,*,*,*,forward
*,9e:8d:de:80:29:28,0x0800,6,443,*,DC.connect.smartthings.com,*,forward
*,*,0x0800,17,67,*,*,*,forward
*,9e:8d:de:80:29:28,0x0800,6,443,*,dc-na02-useast1.connect.smartthings.com,*,forward
*,*,0x0800,17,*,39400,*,*,forward
*,9e:8d:de:80:29:28,0x0800,17,123,*,pool.ntp.org,*,forward
9e:8d:de:80:29:28,*,*,2,*,*,*,224.0.0.1/32,forward
*,*,0x0800,17,*,67,*,*,forward
9e:8d:de:80:29:28,*,0x0800,6,*,443,*,ipc.tplinkcloud.com,forward
9e:8d:de:80:29:28,*,0x0800,17,*,123,*,0.pool.ntp.org,forward
9e:8d:de:80:29:28,ff:ff:ff:ff:ff:ff,0x0800,17,*,67,*,255.255.255.255/32,forward
9e:8d:de:80:29:28,*,0x0800,6,*,80,*,ipc.tplinkcloud.com,forward
9e:8d:de:80:29:28,*,0x0800,6,*,80,*,ipcserv.tplinkcloud.com,forward
*,*,0x0800,17,*,*,*,*,forward
9e:8d:de:80:29:28,*,0x0800,6,*,443,*,devs.tplinkcloud.com,forward
9e:8d:de:80:29:28,*,0x0800,17,*,5353,*,224.0.0.251/32,forward
9e:8d:de:80:29:28,*,0x0800,17,*,3478,*,sg-stun.tplinkcloud.com,forward
*,*,0x0800,17,1068,*,*,*,forward
*,*,0x0800,17,*,53,*,*,forward
*,*,0x0800,6,8080,*,*,*,forward
9e:8d:de:80:29:28,*,0x0800,6,*,80,*,aps1-relay.tplinkcloud.com,forward
9e:8d:de:80:29:28,*,*,2,*,*,*,224.0.0.2/32,forward
9e:8d:de:80:29:28,*,0x0800,6,*,443,*,ipcserv.tplinkcloud.com,forward
*,*,0x0800,6,80,*,*,*,forward
*,9e:8d:de:80:29:28,0x0800,17,123,*,0.pool.ntp.org,*,forward
*,*,0x0800,17,53,*,*,*,forward
*,9e:8d:de:80:29:28,0x0800,6,80,*,ipc.tplinkcloud.com,*,forward
*,9e:8d:de:80:29:28,0x0800,6,443,*,ipcserv.tplinkcloud.com,*,forward
*,9e:8d:de:80:29:28,0x0800,6,80,*,ipcserv.tplinkcloud.com,*,forward
*,9e:8d:de:80:29:28,0x0800,17,3478,*,sg-stun.tplinkcloud.com,*,forward
*,9e:8d:de:80:29:28,0x0800,6,443,*,devs.tplinkcloud.com,*,forward
*,*,0x0800,6,*,8080,*,*,forward
*,*,0x0800,17,67,*,*,*,forward
*,9e:8d:de:80:29:28,0x0800,6,80,*,aps1-relay.tplinkcloud.com,*,forward
*,*,0x0800,17,*,*,*,*,forward
*,*,0x0800,6,*,80,*,*,forward
*,9e:8d:de:80:29:28,0x0800,6,443,*,ipc.tplinkcloud.com,*,forward
*,*,0x888e,*,*,*,*,*,forward
*,*,0x0006,*,*,*,*,*,forward
9e:8d:de:80:29:28,*,0x0800,17,*,123,*,ru.pool.ntp.org,forward
*,*,0x0800,17,*,67,*,*,forward
9e:8d:de:80:29:28,*,0x0800,6,*,50443,*,devs.tplinkcloud.com,forward
9e:8d:de:80:29:28,*,0x0800,17,*,123,*,de.pool.ntp.org,forward
9e:8d:de:80:29:28,*,0x0800,17,*,123,*,s1b.time.edu.cn,forward
9e:8d:de:80:29:28,ff:ff:ff:ff:ff:ff,0x0800,17,*,67,*,255.255.255.255/32,forward
9e:8d:de:80:29:28,*,0x0800,17,*,123,*,time-b.nist.gov,forward
9e:8d:de:80:29:28,*,0x0800,17,*,123,*,0.cn.pool.ntp.org,forward
*,*,0x0800,17,9999,*,*,*,forward
9e:8d:de:80:29:28,*,0x0800,17,*,123,*,1.asia.pool.ntp.org,forward
9e:8d:de:80:29:28,*,0x0800,17,*,123,*,ca.pool.ntp.org,forward
*,*,0x0800,17,*,53,*,*,forward
9e:8d:de:80:29:28,*,0x0800,17,*,123,*,us.pool.ntp.org,forward
9e:8d:de:80:29:28,*,0x0800,17,*,123,*,uk.pool.ntp.org,forward
9e:8d:de:80:29:28,*,0x0800,17,*,123,*,fr.pool.ntp.org,forward
*,*,0x0800,6,9999,*,*,*,forward
*,9e:8d:de:80:29:28,0x0800,17,123,*,s1b.time.edu.cn,*,forward
*,9e:8d:de:80:29:28,0x0800,17,123,*,fr.pool.ntp.org,*,forward
*,*,0x0800,17,53,*,*,*,forward
*,9e:8d:de:80:29:28,0x0800,17,123,*,de.pool.ntp.org,*,forward
*,9e:8d:de:80:29:28,0x0800,17,123,*,us.pool.ntp.org,*,forward
*,9e:8d:de:80:29:28,0x0800,17,123,*,ca.pool.ntp.org,*,forward
*,9e:8d:de:80:29:28,0x0800,17,123,*,0.cn.pool.ntp.org,*,forward
*,9e:8d:de:80:29:28,0x0800,17,123,*,uk.pool.ntp.org,*,forward
*,9e:8d:de:80:29:28,0x0800,17,123,*,time-b.nist.gov,*,forward
*,*,0x0800,6,*,9999,*,*,forward
*,9e:8d:de:80:29:28,0x0800,17,123,*,ru.pool.ntp.org,*,forward
*,*,0x0800,17,67,*,*,*,forward
*,9e:8d:de:80:29:28,0x0800,17,123,*,1.asia.pool.ntp.org,*,forward
*,9e:8d:de:80:29:28,0x0800,6,50443,*,devs.tplinkcloud.com,*,forward
*,*,0x888e,*,*,*,*,*,forward
*,*,0x0006,*,*,*,*,*,forward
9e:8d:de:80:29:28,*,0x0800,17,*,10003,*,sip.aws.invoxia.io,forward
9e:8d:de:80:29:28,*,0x0800,6,*,8090,*,crossbar.invoxia.io,forward
9e:8d:de:80:29:28,*,0x0800,6,*,80,*,playerservices.streamtheworld.com,forward
9e:8d:de:80:29:28,*,0x0800,17,*,123,*,0.invoxia.pool.ntp.org,forward
9e:8d:de:80:29:28,ff:ff:ff:ff:ff:ff,0x0800,17,*,67,*,255.255.255.255/32,forward
9e:8d:de:80:29:28,*,0x0800,17,*,123,*,2.invoxia.pool.ntp.org,forward
9e:8d:de:80:29:28,*,0x0800,17,*,10002,*,sip.aws.invoxia.io,forward
*,*,0x0800,17,*,53,*,*,forward
9e:8d:de:80:29:28,*,0x0800,6,*,80,*,18393.live.streamtheworld.com,forward
9e:8d:de:80:29:28,*,0x0800,6,*,80,*,1129153316.airable.io,forward
9e:8d:de:80:29:28,*,0x0800,6,*,80,*,whatismyip.akamai.com,forward
*,*,0x0800,17,*,67,*,*,forward
9e:8d:de:80:29:28,*,0x0800,6,*,5228,*,sip.aws.invoxia.io,forward
9e:8d:de:80:29:28,*,0x0800,6,*,80,*,streaming.novaentertainment.com.au,forward
9e:8d:de:80:29:28,*,0x0800,17,*,5353,*,224.0.0.251/32,forward
9e:8d:de:80:29:28,*,0x0800,6,*,443,*,ws.invoxia.io,forward
9e:8d:de:80:29:28,*,0x0800,17,*,123,*,3.invoxia.pool.ntp.org,forward
9e:8d:de:80:29:28,*,0x0800,6,*,80,*,esdk-ffl.spotify.com,forward
9e:8d:de:80:29:28,*,0x0800,6,*,80,*,developer.invoxia.com,forward
9e:8d:de:80:29:28,*,0x0800,6,*,80,*,15373.live.streamtheworld.com,forward
*,*,0x0800,17,53,*,*,*,forward
*,9e:8d:de:80:29:28,0x0800,6,80,*,1129153316.airable.io,*,forward
*,9e:8d:de:80:29:28,0x0800,17,123,*,2.invoxia.pool.ntp.org,*,forward
*,9e:8d:de:80:29:28,0x0800,6,80,*,streaming.novaentertainment.com.au,*,forward
*,9e:8d:de:80:29:28,0x0800,6,80,*,playerservices.streamtheworld.com,*,forward
*,9e:8d:de:80:29:28,0x0800,6,80,*,18393.live.streamtheworld.com,*,forward
*,9e:8d:de:80:29:28,0x0800,6,80,*,15373.live.streamtheworld.com,*,forward
*,9e:8d:de:80:29:28,0x0800,6,5228,*,sip.aws.invoxia.io,*,forward
*,9e:8d:de:80:29:28,0x0800,17,10002,*,sip.aws.invoxia.io,*,forward
*,9e:8d:de:80:29:28,0x0800,6,80,*,developer.invoxia.com,*,forward
*,9e:8d:de:80:29:28,0x0800,6,80,*,whatismyip.akamai.com,*,forward
*,*,0x0800,17,67,*,*,*,forward
*,9e:8d:de:80:29:28,0x0800,6,443,*,ws.invoxia.io,*,forward
*,9e:8d:de:80:29:28,0x0800,6,80,*,esdk-ffl.spotify.com,*,forward
*,9e:8d:de:80:29:28,0x0800,17,123,*,0.invoxia.pool.ntp.org,*,forward
*,9e:8d:de:80:29:28,0x0800,17,123,*,3.invoxia.pool.ntp.org,*,forward
*,9e:8d:de:80:29:28,0x0800,6,8090,*,crossbar.invoxia.io,*,forward
*,*,*,58,*,*,*,*,forward
*,*,*,17,*,5353,*,*,forward
*,*,*,58,*,*,*,*,forward
*,*,*,0,*,*,*,*,forward
*,*,0x0006,*,*,*,*,*,forward
*,*,0x888e,*,*,*,*,*,forward
9e:8d:de:80:29:28,*,*,2,*,*,*,224.0.0.22/32,forward
9e:8d:de:80:29:28,*,0x0800,6,*,8443,*,xbcs.net,forward
9e:8d:de:80:29:28,*,0x0800,17,*,1900,*,239.255.255.250/32,forward
9e:8d:de:80:29:28,ff:ff:ff:ff:ff:ff,0x0800,17,*,67,*,255.255.255.255/32,forward
9e:8d:de:80:29:28,*,0x0800,17,*,123,*,129.132.2.21/32,forward
*,*,0x0800,1,*,*,*,*,forward
9e:8d:de:80:29:28,*,0x0800,6,*,3478,*,tunnel.xbcs.net,forward
9e:8d:de:80:29:28,*,0x0800,6,*,8899,*,devices.xbcs.net,forward
9e:8d:de:80:29:28,*,*,2,*,*,*,239.255.255.250/32,forward
*,*,0x0800,17,*,53,*,*,forward
*,*,0x0800,6,49152,*,*,*,forward
*,*,0x0800,17,*,*,*,*,forward
9e:8d:de:80:29:28,*,*,2,*,*,*,224.0.0.2/32,forward
9e:8d:de:80:29:28,*,0x0800,17,*,123,*,132.163.4.102/32,forward
*,*,0x0800,6,49153,*,*,*,forward
*,9e:8d:de:80:29:28,0x0800,17,123,*,129.132.2.21/32,*,forward
*,*,0x0800,1,*,*,*,*,forward
*,*,0x0800,17,*,*,*,*,forward
*,*,0x0800,17,53,*,*,*,forward
*,*,0x0800,6,*,49153,*,*,forward
*,9e:8d:de:80:29:28,0x0800,6,8443,*,xbcs.net,*,forward
*,*,0x0800,17,67,*,*,*,forward
*,9e:8d:de:80:29:28,0x0800,6,8899,*,devices.xbcs.net,*,forward
*,*,0x0800,6,*,49152,*,*,forward
*,9e:8d:de:80:29:28,0x0800,17,123,*,132.163.4.102/32,*,forward
*,9e:8d:de:80:29:28,0x0800,6,3478,*,tunnel.xbcs.net,*,forward
*,*,*,0,*,*,*,*,forward
*,*,*,58,*,*,*,*,forward
*,*,*,58,*,*,*,*,forward
*,*,0x888e,*,*,*,*,*,forward
*,*,0x0006,*,*,*,*,*,forward
9e:8d:de:80:29:28,*,0x0800,6,*,8443,*,api.xbcs.net,forward
*,*,0x0800,17,*,67,*,*,forward
9e:8d:de:80:29:28,*,*,2,*,*,*,224.0.0.22/32,forward
9e:8d:de:80:29:28,*,0x0800,17,*,1900,*,239.255.255.250/32,forward
9e:8d:de:80:29:28,ff:ff:ff:ff:ff:ff,0x0800,17,*,67,*,255.255.255.255/32,forward
*,*,0x0800,6,*,3478,*,*,forward
9e:8d:de:80:29:28,*,0x0800,1,*,*,*,208.67.222.222/32,forward
9e:8d:de:80:29:28,*,0x0800,17,*,123,*,129.132.2.21/32,forward
*,*,0x0800,1,*,*,*,*,forward
9e:8d:de:80:29:28,*,0x0800,1,*,*,*,4.2.2.2/32,forward
*,*,0x0800,17,*,53,*,*,forward
*,*,0x0800,6,49154,*,*,*,forward
9e:8d:de:80:29:28,*,0x0800,17,*,123,*,130.149.17.8/32,forward
*,*,0x0800,17,*,*,*,*,forward
9e:8d:de:80:29:28,*,0x0800,6,*,3475,*,nat.xbcs.net,forward
9e:8d:de:80:29:28,*,0x0800,1,*,*,*,8.8.8.8/32,forward
*,*,0x0800,6,49153,*,*,*,forward
*,*,0x0800,1,*,*,*,*,forward
*,*,0x0800,17,53,*,*,*,forward
*,*,0x0800,6,*,49153,*,*,forward
*,9e:8d:de:80:29:28,0x0800,17,123,*,130.149.17.8/32,*,forward
*,9e:8d:de:80:29:28,0x0800,17,123,*,129.132.2.21/32,*,forward
*,9e:8d:de:80:29:28,0x0800,1,*,*,4.2.2.2/32,*,forward
*,*,0x0800,6,*,49154,*,*,forward
*,*,0x0800,17,*,*,*,*,forward
*,*,0x0800,17,67,*,*,*,forward
*,9e:8d:de:80:29:28,0x0800,1,*,*,8.8.8.8/32,*,forward
*,9e:8d:de:80:29:28,0x0800,1,*,*,208.67.222.222/32,*,forward
*,*,0x0800,6,3478,*,*,*,forward
*,9e:8d:de:80:29:28,0x0800,6,3475,*,nat.xbcs.net,*,forward
*,9e:8d:de:80:29:28,0x0800,6,8443,*,api.xbcs.net,*,forward
*,*,0x888e,*,*,*,*,*,forward
*,*,0x0006,*,*,*,*,*,forward
9e:8d:de:80:29:28,*,0x0800,6,*,1935,*,fr-eqx-fwd-06.withings.com,forward
9e:8d:de:80:29:28,*,0x0800,6,*,1935,*,fr-on-fwd-03.withings.net,forward
*,*,0x0800,17,*,53,*,*,forward
9e:8d:de:80:29:28,ff:ff:ff:ff:ff:ff,0x0800,17,*,67,*,255.255.255.255/32,forward
9e:8d:de:80:29:28,*,0x0800,6,*,1935,*,fr-on-vm-02-lxc-03.withings.net,forward
9e:8d:de:80:29:28,*,0x0800,6,*,1935,*,fr-on-vm-02-lxc-05.withings.net,forward
9e:8d:de:80:29:28,*,0x0800,6,*,1935,*,us-iweb-fwd-01-lxc-04.withings.net,forward
9e:8d:de:80:29:28,*,0x0800,17,*,5353,*,224.0.0.251/32,forward
9e:8d:de:80:29:28,*,0x0800,6,*,1935,*,fr-ovh-fwd-03.withings.net,forward
9e:8d:de:80:29:28,*,0x0800,6,*,80,*,babyws.withings.net,forward
*,9e:8d:de:80:29:28,0x0800,6,80,*,babyws.withings.net,*,forward
*,9e:8d:de:80:29:28,0x0800,6,1935,*,fr-on-vm-02-lxc-03.withings.net,*,forward
*,*,0x0800,17,53,*,*,*,forward
*,*,0x0800,17,67,*,*,*,forward
*,9e:8d:de:80:29:28,0x0800,6,1935,*,fr-ovh-fwd-03.withings.net,*,forward
*,9e:8d:de:80:29:28,0x0800,6,1935,*,fr-on-fwd-03.withings.net,*,forward
*,9e:8d:de:80:29:28,0x0800,6,1935,*,fr-on-vm-02-lxc-05.withings.net,*,forward
*,9e:8d:de:80:29:28,0x0800,6,1935,*,fr-eqx-fwd-06.withings.com,*,forward
*,9e:8d:de:80:29:28,0x0800,6,1935,*,us-iweb-fwd-01-lxc-04.withings.net,*,forward
*,ff:ff:ff:ff:ff:ff,0x0800,17,*,67,*,*,forward
9e:8d:de:80:29:28,*,0x0800,6,*,443,*,wbs04-ws.withings.net,forward
*,*,0x0800,17,*,53,*,*,forward
9e:8d:de:80:29:28,ff:ff:ff:ff:ff:ff,0x0800,17,*,67,*,255.255.255.255/32,forward
*,9e:8d:de:80:29:28,0x0800,6,443,*,wbs04-ws.withings.net,*,forward
*,*,0x0800,17,53,*,*,*,forward
*,*,0x0800,17,67,*,*,*,forward
*,*,0x888e,*,*,*,*,*,forward
*,*,0x0006,*,*,*,*,*,forward
9e:8d:de:80:29:28,*,0x0800,6,*,443,*,scalews.withings.net,forward
*,*,0x0800,17,*,53,*,*,forward
9e:8d:de:80:29:28,*,*,2,*,*,*,224.0.0.22/32,forward
9e:8d:de:80:29:28,ff:ff:ff:ff:ff:ff,0x0800,17,*,67,*,255.255.255.255/32,forward
9e:8d:de:80:29:28,*,0x0800,6,*,80,*,scalews.withings.net,forward
9e:8d:de:80:29:28,*,0x0800,17,*,5353,*,224.0.0.251/32,forward
*,*,0x0800,17,53,*,*,*,forward
*,9e:8d:de:80:29:28,0x0800,6,443,*,scalews.withings.net,*,forward
*,*,0x0800,17,67,*,*,*,forward
*,9e:8d:de:80:29:28,0x0800,6,80,*,scalews.withings.net,*,forward
*,*,0x888e,*,*,*,*,*,forward
