,sEth,dEth,typEth,Source,Destination,proto,type,code,sPort,dPort,priority,action
0,9e:8d:de:80:29:28,*,0x800,*,dcape-na.amazon.com,6,*,*,*,443,*,forward
1,9e:8d:de:80:29:28,*,0x800,*,softwareupdates.amazon.com,6,*,*,*,443,*,forward
2,9e:8d:de:80:29:28,*,0x800,*,3.north-america.pool.ntp.org,17,*,*,*,123,*,forward
3,9e:8d:de:80:29:28,*,*,*,224.0.0.22/32,2,*,*,*,*,*,forward
4,9e:8d:de:80:29:28,*,0x800,*,239.255.255.250/32,17,*,*,*,1900,*,forward
5,9e:8d:de:80:29:28,ff:ff:ff:ff:ff:ff,0x800,*,255.255.255.255/32,17,*,*,*,67,*,forward
6,9e:8d:de:80:29:28,*,0x800,*,ntp-g7g.amazon.com,17,*,*,*,123,*,forward
7,9e:8d:de:80:29:28,*,0x800,*,todo-ta-g7g.amazon.com,6,*,*,*,443,*,forward
8,*,*,0x800,*,*,1,8,0,*,*,*,forward
9,9e:8d:de:80:29:28,*,0x800,*,www.example.org,6,*,*,*,80,*,forward
10,*,*,0x800,*,*,17,*,*,*,53,*,forward
11,9e:8d:de:80:29:28,*,0x800,*,pindorama-us-west-2.amazon.com,6,*,*,*,443,*,forward
12,9e:8d:de:80:29:28,*,0x800,*,tinytts-us-west-2.amazon.com,6,*,*,*,443,*,forward
13,9e:8d:de:80:29:28,*,0x800,*,208.67.220.220/32,17,*,*,*,53,*,forward
14,9e:8d:de:80:29:28,*,0x800,*,device-fingerprintdb-v1.s3.amazonaws.com,6,*,*,*,443,*,forward
15,9e:8d:de:80:29:28,*,0x800,*,api.amazonalexa.com,6,*,*,*,443,*,forward
16,9e:8d:de:80:29:28,*,0x800,*,www.example.com,6,*,*,*,80,*,forward
17,9e:8d:de:80:29:28,*,0x800,*,1.north-america.pool.ntp.org,17,*,*,*,123,*,forward
18,9e:8d:de:80:29:28,*,0x800,*,www.meethue.com,6,*,*,*,443,*,forward
19,*,*,0x800,*,*,17,*,*,*,67,*,forward
20,9e:8d:de:80:29:28,*,0x800,*,2.north-america.pool.ntp.org,17,*,*,*,123,*,forward
21,9e:8d:de:80:29:28,*,0x800,*,kindle-time.amazon.com,6,*,*,*,80,*,forward
22,9e:8d:de:80:29:28,*,0x800,*,device-metrics-us.amazon.com,6,*,*,*,443,*,forward
23,9e:8d:de:80:29:28,*,0x800,*,files.whooshkaa.com,6,*,*,*,443,*,forward
24,9e:8d:de:80:29:28,*,0x800,*,224.0.0.251/32,17,*,*,*,5353,*,forward
25,9e:8d:de:80:29:28,*,0x800,*,pins.amazon.com,17,*,*,*,33434,*,forward
26,9e:8d:de:80:29:28,*,0x800,*,media.whooshkaa.com,6,*,*,*,443,*,forward
27,9e:8d:de:80:29:28,*,0x800,*,0.north-america.pool.ntp.org,17,*,*,*,123,*,forward
28,9e:8d:de:80:29:28,*,0x800,*,www.example.net,6,*,*,*,80,*,forward
29,*,9e:8d:de:80:29:28,0x800,3.north-america.pool.ntp.org,*,17,*,*,123,*,*,forward
30,*,9e:8d:de:80:29:28,0x800,ntp-g7g.amazon.com,*,17,*,*,123,*,*,forward
31,*,9e:8d:de:80:29:28,0x800,api.amazonalexa.com,*,6,*,*,443,*,*,forward
32,*,9e:8d:de:80:29:28,0x800,tinytts-us-west-2.amazon.com,*,6,*,*,443,*,*,forward
33,*,9e:8d:de:80:29:28,0x800,2.north-america.pool.ntp.org,*,17,*,*,123,*,*,forward
34,*,9e:8d:de:80:29:28,0x800,todo-ta-g7g.amazon.com,*,6,*,*,443,*,*,forward
35,*,9e:8d:de:80:29:28,0x800,1.north-america.pool.ntp.org,*,17,*,*,123,*,*,forward
36,*,9e:8d:de:80:29:28,0x800,0.north-america.pool.ntp.org,*,17,*,*,123,*,*,forward
37,*,9e:8d:de:80:29:28,0x800,www.example.com,*,6,*,*,80,*,*,forward
38,*,*,0x800,*,*,17,*,*,67,*,*,forward
39,*,9e:8d:de:80:29:28,0x800,208.67.220.220/32,*,17,*,*,53,*,*,forward
40,*,9e:8d:de:80:29:28,0x800,device-metrics-us.amazon.com,*,6,*,*,443,*,*,forward
41,*,*,0x800,*,*,1,0,0,*,*,*,forward
42,*,9e:8d:de:80:29:28,0x800,device-fingerprintdb-v1.s3.amazonaws.com,*,6,*,*,443,*,*,forward
43,*,*,0x800,*,*,17,*,*,53,*,*,forward
44,*,9e:8d:de:80:29:28,0x800,dcape-na.amazon.com,*,6,*,*,443,*,*,forward
45,*,9e:8d:de:80:29:28,0x800,www.meethue.com,*,6,*,*,443,*,*,forward
46,*,9e:8d:de:80:29:28,0x800,files.whooshkaa.com,*,6,*,*,443,*,*,forward
47,*,9e:8d:de:80:29:28,0x800,pins.amazon.com,*,17,*,*,33434,*,*,forward
48,*,9e:8d:de:80:29:28,0x800,kindle-time.amazon.com,*,6,*,*,80,*,*,forward
49,*,9e:8d:de:80:29:28,0x800,media.whooshkaa.com,*,6,*,*,443,*,*,forward
50,*,9e:8d:de:80:29:28,0x800,softwareupdates.amazon.com,*,6,*,*,443,*,*,forward
51,*,9e:8d:de:80:29:28,0x800,www.example.net,*,6,*,*,80,*,*,forward
52,*,*,0x800,*,*,17,*,*,*,50000,*,forward
53,*,9e:8d:de:80:29:28,0x800,www.example.org,*,6,*,*,80,*,*,forward
54,*,9e:8d:de:80:29:28,0x800,pindorama-us-west-2.amazon.com,*,6,*,*,443,*,*,forward
55,*,*,0x0006,*,*,*,*,*,*,*,*,forward
56,*,*,0x888e,*,*,*,*,*,*,*,*,forward
57,9e:8d:de:80:29:28,*,0x800,*,336971aac5bba454b967-3ec27f5c732731b07836c69a45967ad6.ssl.cf1.rackcdn.com,6,*,*,*,443,*,forward
58,9e:8d:de:80:29:28,ff:ff:ff:ff:ff:ff,0x800,*,255.255.255.255/32,17,*,*,*,67,*,forward
59,9e:8d:de:80:29:28,*,0x800,*,rpsv2.video-cloud.net,6,*,*,*,443,*,forward
60,9e:8d:de:80:29:28,*,0x800,*,iconfig.august.com,6,*,*,*,443,*,forward
61,*,*,0x800,*,*,17,*,*,*,53,*,forward
62,9e:8d:de:80:29:28,*,0x800,*,rpsv12.video-cloud.net,6,*,*,*,443,*,forward
63,9e:8d:de:80:29:28,*,0x800,*,vcsv2.video-cloud.net,6,*,*,*,443,*,forward
64,9e:8d:de:80:29:28,*,0x800,*,8.8.4.4/32,1,8,0,*,*,*,forward
65,9e:8d:de:80:29:28,*,0x800,*,rpsv3.video-cloud.net,6,*,*,*,443,*,forward
66,9e:8d:de:80:29:28,*,0x800,*,doorbells.august.com,1,8,0,*,*,*,forward
67,9e:8d:de:80:29:28,*,0x800,*,rpsv7.video-cloud.net,6,*,*,*,443,*,forward
68,9e:8d:de:80:29:28,*,0x800,*,v2servers.video-cloud.net,6,*,*,*,443,*,forward
69,9e:8d:de:80:29:28,*,0x800,*,8.8.8.8/32,17,*,*,*,53,*,forward
70,*,*,0x800,*,*,17,*,*,*,67,*,forward
71,9e:8d:de:80:29:28,*,0x800,*,rpsv11.video-cloud.net,6,*,*,*,443,*,forward
72,9e:8d:de:80:29:28,*,0x800,*,rpsv222.video-cloud.net,6,*,*,*,443,*,forward
73,9e:8d:de:80:29:28,*,0x800,*,august.pubnub.com,6,*,*,*,443,*,forward
74,9e:8d:de:80:29:28,*,0x800,*,logger.august.com,6,*,*,*,443,*,forward
75,9e:8d:de:80:29:28,*,0x800,*,s3-us-west-2.amazonaws.com,6,*,*,*,443,*,forward
76,9e:8d:de:80:29:28,*,0x800,*,rpsv4.video-cloud.net,6,*,*,*,443,*,forward
77,9e:8d:de:80:29:28,*,0x800,*,doorbells.august.com,6,*,*,*,443,*,forward
78,9e:8d:de:80:29:28,*,0x800,*,rbs-sticky.august.com,6,*,*,*,443,*,forward
79,9e:8d:de:80:29:28,*,0x800,*,rpsv1.video-cloud.net,6,*,*,*,443,*,forward
80,9e:8d:de:80:29:28,*,0x800,*,rpsv10.video-cloud.net,6,*,*,*,443,*,forward
81,9e:8d:de:80:29:28,*,0x800,*,rpsv5.video-cloud.net,6,*,*,*,443,*,forward
82,9e:8d:de:80:29:28,*,0x800,*,dmsv2.video-cloud.net,6,*,*,*,443,*,forward
83,9e:8d:de:80:29:28,*,0x800,*,8.8.8.8/32,1,8,0,*,*,*,forward
84,*,9e:8d:de:80:29:28,0x800,rpsv7.video-cloud.net,*,6,*,*,443,*,*,forward
85,*,9e:8d:de:80:29:28,0x800,august.pubnub.com,*,6,*,*,443,*,*,forward
86,*,9e:8d:de:80:29:28,0x800,rpsv2.video-cloud.net,*,6,*,*,443,*,*,forward
87,*,9e:8d:de:80:29:28,0x800,s3-us-west-2.amazonaws.com,*,6,*,*,443,*,*,forward
88,*,9e:8d:de:80:29:28,0x800,logger.august.com,*,6,*,*,443,*,*,forward
89,*,9e:8d:de:80:29:28,0x800,336971aac5bba454b967-3ec27f5c732731b07836c69a45967ad6.ssl.cf1.rackcdn.com,*,6,*,*,443,*,*,forward
90,*,9e:8d:de:80:29:28,0x800,rpsv11.video-cloud.net,*,6,*,*,443,*,*,forward
91,*,9e:8d:de:80:29:28,0x800,dmsv2.video-cloud.net,*,6,*,*,443,*,*,forward
92,*,*,0x800,*,*,17,*,*,67,*,*,forward
93,*,9e:8d:de:80:29:28,0x800,doorbells.august.com,*,1,0,0,*,*,*,forward
94,*,9e:8d:de:80:29:28,0x800,8.8.8.8/32,*,17,*,*,53,*,*,forward
95,*,9e:8d:de:80:29:28,0x800,rpsv1.video-cloud.net,*,6,*,*,443,*,*,forward
96,*,9e:8d:de:80:29:28,0x800,rpsv4.video-cloud.net,*,6,*,*,443,*,*,forward
97,*,9e:8d:de:80:29:28,0x800,rpsv3.video-cloud.net,*,6,*,*,443,*,*,forward
98,*,*,0x800,*,*,17,*,*,53,*,*,forward
99,*,9e:8d:de:80:29:28,0x800,v2servers.video-cloud.net,*,6,*,*,443,*,*,forward
100,*,9e:8d:de:80:29:28,0x800,iconfig.august.com,*,6,*,*,443,*,*,forward
101,*,9e:8d:de:80:29:28,0x800,rpsv222.video-cloud.net,*,6,*,*,443,*,*,forward
102,*,9e:8d:de:80:29:28,0x800,rpsv10.video-cloud.net,*,6,*,*,443,*,*,forward
103,*,9e:8d:de:80:29:28,0x800,doorbells.august.com,*,6,*,*,443,*,*,forward
104,*,9e:8d:de:80:29:28,0x800,vcsv2.video-cloud.net,*,6,*,*,443,*,*,forward
105,*,9e:8d:de:80:29:28,0x800,rpsv5.video-cloud.net,*,6,*,*,443,*,*,forward
106,*,9e:8d:de:80:29:28,0x800,8.8.8.8/32,*,1,0,0,*,*,*,forward
107,*,9e:8d:de:80:29:28,0x800,8.8.4.4/32,*,1,0,0,*,*,*,forward
108,*,9e:8d:de:80:29:28,0x800,rbs-sticky.august.com,*,6,*,*,443,*,*,forward
109,*,9e:8d:de:80:29:28,0x800,rpsv12.video-cloud.net,*,6,*,*,443,*,*,forward
110,*,*,*,*,*,17,*,*,*,547,*,forward
111,*,*,*,*,*,58,*,*,*,*,*,forward
112,*,*,*,*,*,58,*,*,*,*,*,forward
113,*,*,*,*,*,17,*,*,*,53,*,forward
114,*,*,*,*,*,0,*,*,*,*,*,forward
115,*,*,*,*,*,17,*,*,*,53,*,forward
116,*,*,*,*,*,58,*,*,*,*,*,forward
117,*,*,*,*,*,17,*,*,547,*,*,forward
118,*,*,*,*,*,17,*,*,53,*,*,forward
119,*,*,*,*,*,17,*,*,53,*,*,forward
120,*,*,0x0006,*,*,*,*,*,*,*,*,forward
121,*,*,0x888e,*,*,*,*,*,*,*,*,forward
122,*,*,0x800,*,*,17,*,*,*,67,*,forward
123,*,*,0x800,*,*,17,*,*,*,53,*,forward
124,9e:8d:de:80:29:28,*,0x800,*,ota.awair.is,6,*,*,*,443,*,forward
125,9e:8d:de:80:29:28,*,0x800,*,timeserver.awair.is,6,*,*,*,443,*,forward
126,9e:8d:de:80:29:28,ff:ff:ff:ff:ff:ff,0x800,*,255.255.255.255/32,17,*,*,*,67,*,forward
127,9e:8d:de:80:29:28,*,0x800,*,messaging.awair.is,6,*,*,*,8883,*,forward
128,9e:8d:de:80:29:28,*,0x800,*,8.8.8.8/32,17,*,*,*,53,*,forward
129,*,9e:8d:de:80:29:28,0x800,messaging.awair.is,*,6,*,*,8883,*,*,forward
130,*,*,0x800,*,*,17,*,*,53,*,*,forward
131,*,9e:8d:de:80:29:28,0x800,timeserver.awair.is,*,6,*,*,443,*,*,forward
132,*,*,0x800,*,*,17,*,*,67,*,*,forward
133,*,9e:8d:de:80:29:28,0x800,8.8.8.8/32,*,17,*,*,53,*,*,forward
134,*,9e:8d:de:80:29:28,0x800,ota.awair.is,*,6,*,*,443,*,*,forward
135,*,*,0x888e,*,*,*,*,*,*,*,*,forward
136,*,*,0x0006,*,*,*,*,*,*,*,*,forward
137,9e:8d:de:80:29:28,*,0x800,*,origin.belkin-us.tendplatform.com,6,*,*,*,443,*,forward
138,9e:8d:de:80:29:28,*,0x800,*,api.xbcs.net,6,*,*,*,8443,*,forward
139,*,*,0x800,*,*,6,*,*,*,5104,*,forward
140,*,*,0x800,*,*,17,*,*,*,67,*,forward
141,9e:8d:de:80:29:28,*,0x800,*,239.255.255.250/32,17,*,*,*,1900,*,forward
142,*,*,0x800,*,*,6,*,*,*,3478,*,forward
143,*,*,0x800,*,*,1,8,0,*,*,*,forward
144,9e:8d:de:80:29:28,*,0x800,*,ping.seedonk.com,1,8,0,*,*,*,forward
145,9e:8d:de:80:29:28,*,0x800,*,prod1-nat-xbcs-net-1543133972.us-east-1.elb.amazonaws.com,6,*,*,*,3475,*,forward
146,9e:8d:de:80:29:28,*,0x800,*,devices.xbcs.net,6,*,*,*,8899,*,forward
147,*,*,0x800,*,*,6,*,*,9207,*,*,forward
148,9e:8d:de:80:29:28,*,0x800,*,time.windows.com,17,*,*,*,123,*,forward
149,9e:8d:de:80:29:28,*,*,*,239.255.255.250/32,2,*,*,*,*,*,forward
150,*,*,0x800,*,*,17,*,*,*,53,*,forward
151,9e:8d:de:80:29:28,*,0x800,*,origin.belkin-us.tendplatform.com,6,*,*,*,5104,*,forward
152,*,*,0x800,*,*,6,*,*,49154,*,*,forward
153,*,*,0x800,*,*,17,*,*,*,*,*,forward
154,9e:8d:de:80:29:28,*,0x800,*,nat.xbcs.net,6,*,*,*,3475,*,forward
155,9e:8d:de:80:29:28,*,*,*,224.0.0.2/32,2,*,*,*,*,*,forward
156,9e:8d:de:80:29:28,*,0x800,*,www.google.com,1,8,0,*,*,*,forward
157,9e:8d:de:80:29:28,*,0x800,*,8.8.8.8/32,17,*,*,*,53,*,forward
158,*,*,0x800,*,*,6,*,*,49153,*,*,forward
159,*,9e:8d:de:80:29:28,0x800,ping.seedonk.com,*,1,0,0,*,*,*,forward
160,*,*,0x800,*,*,1,0,0,*,*,*,forward
161,*,9e:8d:de:80:29:28,0x800,origin.belkin-us.tendplatform.com,*,6,*,*,443,*,*,forward
162,*,*,0x800,*,*,17,*,*,53,*,*,forward
163,*,9e:8d:de:80:29:28,0x800,origin.belkin-us.tendplatform.com,*,6,*,*,5104,*,*,forward
164,*,*,0x800,*,*,6,*,*,*,49153,*,forward
165,*,9e:8d:de:80:29:28,0x800,devices.xbcs.net,*,6,*,*,8899,*,*,forward
166,*,*,0x800,*,*,6,*,*,*,9207,*,forward
167,*,9e:8d:de:80:29:28,0x800,time.windows.com,*,17,*,*,123,*,*,forward
168,*,*,0x800,*,*,6,*,*,*,49154,*,forward
169,*,*,0x800,*,*,17,*,*,*,*,*,forward
170,*,9e:8d:de:80:29:28,0x800,www.google.com,*,1,0,0,*,*,*,forward
171,*,*,0x800,*,*,17,*,*,67,*,*,forward
172,*,*,0x800,*,*,6,*,*,5104,*,*,forward
173,*,9e:8d:de:80:29:28,0x800,8.8.8.8/32,*,17,*,*,53,*,*,forward
174,*,9e:8d:de:80:29:28,0x800,prod1-nat-xbcs-net-1543133972.us-east-1.elb.amazonaws.com,*,6,*,*,3475,*,*,forward
175,*,*,0x800,*,*,6,*,*,3478,*,*,forward
176,*,9e:8d:de:80:29:28,0x800,nat.xbcs.net,*,6,*,*,3475,*,*,forward
177,*,9e:8d:de:80:29:28,0x800,api.xbcs.net,*,6,*,*,8443,*,*,forward
178,*,*,0x888e,*,*,*,*,*,*,*,*,forward
179,*,*,0x0006,*,*,*,*,*,*,*,*,forward
180,9e:8d:de:80:29:28,*,*,*,224.0.0.1/32,2,*,*,*,*,*,forward
181,9e:8d:de:80:29:28,*,0x800,*,tech.carematix.com,6,*,*,*,8777,*,forward
182,*,*,0x800,*,*,17,*,*,*,53,*,forward
183,9e:8d:de:80:29:28,ff:ff:ff:ff:ff:ff,0x800,*,255.255.255.255/32,17,*,*,*,67,*,forward
184,*,*,0x800,*,*,17,*,*,53,*,*,forward
185,*,9e:8d:de:80:29:28,0x800,tech.carematix.com,*,6,*,*,8777,*,*,forward
186,*,*,0x800,*,*,17,*,*,67,*,*,forward
187,*,*,0x888e,*,*,*,*,*,*,*,*,forward
188,*,*,0x0006,*,*,*,*,*,*,*,*,forward
189,*,*,0x800,*,*,17,*,*,*,67,*,forward
190,9e:8d:de:80:29:28,*,0x800,*,h.canaryis.com,6,*,*,*,80,*,forward
191,9e:8d:de:80:29:28,*,0x800,*,m.canaryis.com,6,*,*,*,443,*,forward
192,9e:8d:de:80:29:28,ff:ff:ff:ff:ff:ff,0x800,*,255.255.255.255/32,17,*,*,*,67,*,forward
193,9e:8d:de:80:29:28,*,0x800,*,ipv4.connman.net,6,*,*,*,80,*,forward
194,9e:8d:de:80:29:28,*,0x800,*,b.canaryis.com,6,*,*,*,443,*,forward
195,9e:8d:de:80:29:28,*,0x800,*,09-wl2-d-prod.canaryis.com,6,*,*,*,443,*,forward
196,9e:8d:de:80:29:28,*,0x800,*,v.canaryis.com,6,*,*,*,443,*,forward
197,9e:8d:de:80:29:28,*,0x800,*,o.canaryis.com,6,*,*,*,443,*,forward
198,9e:8d:de:80:29:28,*,0x800,*,i.canaryis.com,6,*,*,*,80,*,forward
199,*,*,0x800,*,*,17,*,*,*,53,*,forward
200,9e:8d:de:80:29:28,*,0x800,*,i.canaryis.com,6,*,*,*,443,*,forward
201,9e:8d:de:80:29:28,*,0x800,*,h.canaryis.com,6,*,*,*,443,*,forward
202,*,9e:8d:de:80:29:28,0x800,i.canaryis.com,*,6,*,*,443,*,*,forward
203,*,9e:8d:de:80:29:28,0x800,b.canaryis.com,*,6,*,*,443,*,*,forward
204,*,9e:8d:de:80:29:28,0x800,i.canaryis.com,*,6,*,*,80,*,*,forward
205,*,9e:8d:de:80:29:28,0x800,09-wl2-d-prod.canaryis.com,*,6,*,*,443,*,*,forward
206,*,9e:8d:de:80:29:28,0x800,h.canaryis.com,*,6,*,*,80,*,*,forward
207,*,*,0x800,*,*,17,*,*,53,*,*,forward
208,*,9e:8d:de:80:29:28,0x800,o.canaryis.com,*,6,*,*,443,*,*,forward
209,*,9e:8d:de:80:29:28,0x800,h.canaryis.com,*,6,*,*,443,*,*,forward
210,*,9e:8d:de:80:29:28,0x800,ipv4.connman.net,*,6,*,*,80,*,*,forward
211,*,*,0x800,*,*,17,*,*,67,*,*,forward
212,*,9e:8d:de:80:29:28,0x800,v.canaryis.com,*,6,*,*,443,*,*,forward
213,*,9e:8d:de:80:29:28,0x800,m.canaryis.com,*,6,*,*,443,*,*,forward
214,*,*,0x888e,*,*,*,*,*,*,*,*,forward
215,*,*,0x0006,*,*,*,*,*,*,*,*,forward
216,*,*,0x888e,*,*,*,*,*,*,*,*,forward
217,*,*,0x0006,*,*,*,*,*,*,*,*,forward
218,9e:8d:de:80:29:28,*,0x800,*,ad.doubleclick.net,6,*,*,*,443,*,forward
219,9e:8d:de:80:29:28,*,*,*,224.0.0.251/32,2,*,*,*,*,*,forward
220,9e:8d:de:80:29:28,*,0x800,*,pagead2.googlesyndication.com,17,*,*,*,443,*,forward
221,9e:8d:de:80:29:28,*,0x800,*,www.googleapis.com,17,*,*,*,443,*,forward
222,9e:8d:de:80:29:28,*,0x800,*,ajax.googleapis.com,6,*,*,*,443,*,forward
223,*,*,0x800,*,*,17,*,*,*,53,*,forward
224,9e:8d:de:80:29:28,*,0x800,*,storage.googleapis.com,6,*,*,*,443,*,forward
225,9e:8d:de:80:29:28,*,0x800,*,googleads.g.doubleclick.net,6,*,*,*,443,*,forward
226,9e:8d:de:80:29:28,*,0x800,*,tools.google.com,17,*,*,*,443,*,forward
227,*,*,0x800,*,*,6,*,*,8009,*,*,forward
228,9e:8d:de:80:29:28,*,0x800,*,r1---sn-55goxu-ntqe.googlevideo.com,17,*,*,*,443,*,forward
229,9e:8d:de:80:29:28,*,0x800,*,8.8.8.8/32,17,*,*,*,53,*,forward
230,9e:8d:de:80:29:28,*,0x800,*,android.clients.google.com,6,*,*,*,80,*,forward
231,9e:8d:de:80:29:28,*,0x800,*,yt3.ggpht.com,6,*,*,*,443,*,forward
232,9e:8d:de:80:29:28,*,0x800,*,www.youtube-nocookie.com,17,*,*,*,443,*,forward
233,9e:8d:de:80:29:28,*,0x800,*,ssl.gstatic.com,6,*,*,*,443,*,forward
234,9e:8d:de:80:29:28,*,0x800,*,google.com,6,*,*,*,443,*,forward
235,9e:8d:de:80:29:28,*,0x800,*,tools.google.com,6,*,*,*,443,*,forward
236,9e:8d:de:80:29:28,*,0x800,*,ad.doubleclick.net,17,*,*,*,443,*,forward
237,9e:8d:de:80:29:28,*,0x800,*,ssl.gstatic.com,6,*,*,*,80,*,forward
238,9e:8d:de:80:29:28,*,0x800,*,time.google.com,17,*,*,*,123,*,forward
239,9e:8d:de:80:29:28,*,0x800,*,8.8.8.8/32,1,8,0,*,*,*,forward
240,9e:8d:de:80:29:28,*,0x800,*,fonts.googleapis.com,6,*,*,*,443,*,forward
241,9e:8d:de:80:29:28,*,0x800,*,clients4.google.com,6,*,*,*,80,*,forward
242,9e:8d:de:80:29:28,*,0x800,*,lh6.googleusercontent.com,17,*,*,*,443,*,forward
243,9e:8d:de:80:29:28,*,0x800,*,www.gstatic.com,6,*,*,*,443,*,forward
244,9e:8d:de:80:29:28,*,0x800,*,lh5.googleusercontent.com,6,*,*,*,443,*,forward
245,9e:8d:de:80:29:28,*,*,*,239.255.255.250/32,2,*,*,*,*,*,forward
246,9e:8d:de:80:29:28,*,0x800,*,connectivitycheck.gstatic.com,17,*,*,*,443,*,forward
247,9e:8d:de:80:29:28,*,0x800,*,android.clients.google.com,17,*,*,*,443,*,forward
248,9e:8d:de:80:29:28,*,0x800,*,i.ytimg.com,6,*,*,*,443,*,forward
249,9e:8d:de:80:29:28,*,0x800,*,ade.googlesyndication.com,6,*,*,*,443,*,forward
250,9e:8d:de:80:29:28,*,0x800,*,clients2.google.com,6,*,*,*,443,*,forward
251,9e:8d:de:80:29:28,*,0x800,*,fonts.googleapis.com,17,*,*,*,443,*,forward
252,9e:8d:de:80:29:28,*,0x800,*,clients4.google.com,6,*,*,*,443,*,forward
253,9e:8d:de:80:29:28,*,0x800,*,fonts.gstatic.com,6,*,*,*,443,*,forward
254,9e:8d:de:80:29:28,*,0x800,*,lh3.googleusercontent.com,6,*,*,*,443,*,forward
255,9e:8d:de:80:29:28,*,0x800,*,fonts.gstatic.com,17,*,*,*,443,*,forward
256,9e:8d:de:80:29:28,*,0x800,*,www.youtube.com,6,*,*,*,80,*,forward
257,9e:8d:de:80:29:28,*,0x800,*,clients1.google.com,17,*,*,*,443,*,forward
258,9e:8d:de:80:29:28,*,0x800,*,www.gstatic.com,6,*,*,*,80,*,forward
259,9e:8d:de:80:29:28,*,0x800,*,google.com,6,*,*,*,80,*,forward
260,9e:8d:de:80:29:28,*,0x800,*,r2---sn-ntq7yned.googlevideo.com,17,*,*,*,443,*,forward
261,9e:8d:de:80:29:28,*,0x800,*,clients2.google.com,6,*,*,*,80,*,forward
262,9e:8d:de:80:29:28,*,0x800,*,r4---sn-ntqe6n76.googlevideo.com,17,*,*,*,443,*,forward
263,9e:8d:de:80:29:28,*,0x800,*,clients3.google.com,6,*,*,*,443,*,forward
264,9e:8d:de:80:29:28,*,0x800,*,tools.google.com,6,*,*,*,80,*,forward
265,9e:8d:de:80:29:28,*,*,*,224.0.0.22/32,2,*,*,*,*,*,forward
266,9e:8d:de:80:29:28,*,0x800,*,239.255.255.250/32,17,*,*,*,1900,*,forward
267,9e:8d:de:80:29:28,ff:ff:ff:ff:ff:ff,0x800,*,255.255.255.255/32,17,*,*,*,67,*,forward
268,9e:8d:de:80:29:28,*,0x800,*,clients3.google.com,1,8,0,*,*,*,forward
269,9e:8d:de:80:29:28,*,0x800,*,clients3.google.com,17,*,*,*,443,*,forward
270,9e:8d:de:80:29:28,*,0x800,*,mtalk.google.com,6,*,*,*,5228,*,forward
271,9e:8d:de:80:29:28,*,0x800,*,storage.googleapis.com,17,*,*,*,443,*,forward
272,9e:8d:de:80:29:28,*,0x800,*,android.clients.google.com,1,8,0,*,*,*,forward
273,9e:8d:de:80:29:28,*,0x800,*,r3---sn-55goxu-ntqe.googlevideo.com,17,*,*,*,443,*,forward
274,*,*,0x800,*,*,1,8,0,*,*,*,forward
275,9e:8d:de:80:29:28,*,0x800,*,lh4.googleusercontent.com,17,*,*,*,443,*,forward
276,9e:8d:de:80:29:28,*,0x800,*,clients1.google.com,6,*,*,*,80,*,forward
277,9e:8d:de:80:29:28,*,0x800,*,www.googleapis.com,6,*,*,*,443,*,forward
278,9e:8d:de:80:29:28,*,0x800,*,android.clients.google.com,6,*,*,*,443,*,forward
279,9e:8d:de:80:29:28,*,0x800,*,pagead2.googlesyndication.com,6,*,*,*,443,*,forward
280,9e:8d:de:80:29:28,*,0x800,*,google.com,17,*,*,*,443,*,forward
281,9e:8d:de:80:29:28,*,0x800,*,cdn.ravenjs.com,6,*,*,*,443,*,forward
282,9e:8d:de:80:29:28,*,0x800,*,www.gstatic.com,17,*,*,*,443,*,forward
283,9e:8d:de:80:29:28,*,0x800,*,www.youtube.com,17,*,*,*,443,*,forward
284,9e:8d:de:80:29:28,*,0x800,*,yt3.ggpht.com,17,*,*,*,443,*,forward
285,9e:8d:de:80:29:28,*,0x800,*,lh3.googleusercontent.com,17,*,*,*,443,*,forward
286,9e:8d:de:80:29:28,*,0x800,*,googleads.g.doubleclick.net,17,*,*,*,443,*,forward
287,9e:8d:de:80:29:28,*,0x800,*,google.com,1,8,0,*,*,*,forward
288,9e:8d:de:80:29:28,*,0x800,*,lh6.googleusercontent.com,6,*,*,*,443,*,forward
289,9e:8d:de:80:29:28,*,0x800,*,224.0.0.251/32,17,*,*,*,5353,*,forward
290,9e:8d:de:80:29:28,*,0x800,*,fonts.gstatic.com,6,*,*,*,80,*,forward
291,9e:8d:de:80:29:28,*,0x800,*,clients4.google.com,1,8,0,*,*,*,forward
292,9e:8d:de:80:29:28,*,0x800,*,connectivitycheck.gstatic.com,6,*,*,*,80,*,forward
293,9e:8d:de:80:29:28,*,0x800,*,clients2.google.com,17,*,*,*,443,*,forward
294,9e:8d:de:80:29:28,*,*,*,224.0.0.2/32,2,*,*,*,*,*,forward
295,9e:8d:de:80:29:28,*,0x800,*,r1---sn-55goxu-ntqe.googlevideo.com,6,*,*,*,443,*,forward
296,9e:8d:de:80:29:28,*,0x800,*,clients1.google.com,6,*,*,*,443,*,forward
297,9e:8d:de:80:29:28,*,0x800,*,ajax.googleapis.com,17,*,*,*,443,*,forward
298,9e:8d:de:80:29:28,*,0x800,*,clients1.google.com,1,8,0,*,*,*,forward
299,9e:8d:de:80:29:28,*,0x800,*,secure.insightexpressai.com,6,*,*,*,443,*,forward
300,9e:8d:de:80:29:28,*,0x800,*,cast.scdn.co,6,*,*,*,443,*,forward
301,9e:8d:de:80:29:28,*,0x800,*,securepubads.g.doubleclick.net,6,*,*,*,443,*,forward
302,9e:8d:de:80:29:28,*,0x800,*,tools.google.com,1,8,0,*,*,*,forward
303,9e:8d:de:80:29:28,*,0x800,*,clients4.google.com,17,*,*,*,443,*,forward
304,9e:8d:de:80:29:28,*,0x800,*,api-partner.spotify.com,6,*,*,*,443,*,forward
305,9e:8d:de:80:29:28,*,0x800,*,www.youtube.com,1,8,0,*,*,*,forward
306,9e:8d:de:80:29:28,*,0x800,*,www.youtube.com,6,*,*,*,443,*,forward
307,9e:8d:de:80:29:28,*,0x800,*,clients2.google.com,1,8,0,*,*,*,forward
308,9e:8d:de:80:29:28,*,0x800,*,ssl.gstatic.com,17,*,*,*,443,*,forward
309,9e:8d:de:80:29:28,*,0x800,*,ade.googlesyndication.com,17,*,*,*,443,*,forward
310,*,*,0x800,*,*,17,*,*,*,67,*,forward
311,9e:8d:de:80:29:28,*,0x800,*,r4---sn-ntqe6n76.googlevideo.com,6,*,*,*,443,*,forward
312,9e:8d:de:80:29:28,*,0x800,*,clients3.google.com,6,*,*,*,80,*,forward
313,9e:8d:de:80:29:28,*,0x800,*,lh5.googleusercontent.com,17,*,*,*,443,*,forward
314,9e:8d:de:80:29:28,*,0x800,*,www.youtube-nocookie.com,6,*,*,*,443,*,forward
315,9e:8d:de:80:29:28,*,0x800,*,connectivitycheck.gstatic.com,6,*,*,*,443,*,forward
316,9e:8d:de:80:29:28,*,0x800,*,lh4.googleusercontent.com,6,*,*,*,443,*,forward
317,*,*,0x800,*,*,6,*,*,8008,*,*,forward
318,9e:8d:de:80:29:28,*,0x800,*,securepubads.g.doubleclick.net,17,*,*,*,443,*,forward
319,9e:8d:de:80:29:28,*,0x800,*,i.ytimg.com,17,*,*,*,443,*,forward
320,*,9e:8d:de:80:29:28,0x800,ssl.gstatic.com,*,6,*,*,80,*,*,forward
321,*,9e:8d:de:80:29:28,0x800,cast.scdn.co,*,6,*,*,443,*,*,forward
322,*,9e:8d:de:80:29:28,0x800,www.youtube.com,*,6,*,*,443,*,*,forward
323,*,9e:8d:de:80:29:28,0x800,lh4.googleusercontent.com,*,6,*,*,443,*,*,forward
324,*,9e:8d:de:80:29:28,0x800,android.clients.google.com,*,17,*,*,443,*,*,forward
325,*,9e:8d:de:80:29:28,0x800,clients2.google.com,*,17,*,*,443,*,*,forward
326,*,9e:8d:de:80:29:28,0x800,www.youtube-nocookie.com,*,17,*,*,443,*,*,forward
327,*,9e:8d:de:80:29:28,0x800,clients3.google.com,*,6,*,*,80,*,*,forward
328,*,9e:8d:de:80:29:28,0x800,clients3.google.com,*,6,*,*,443,*,*,forward
329,*,9e:8d:de:80:29:28,0x800,r2---sn-ntq7yned.googlevideo.com,*,17,*,*,443,*,*,forward
330,*,9e:8d:de:80:29:28,0x800,www.gstatic.com,*,6,*,*,443,*,*,forward
331,*,9e:8d:de:80:29:28,0x800,googleads.g.doubleclick.net,*,6,*,*,443,*,*,forward
332,*,*,0x800,*,*,17,*,*,67,*,*,forward
333,*,9e:8d:de:80:29:28,0x800,clients3.google.com,*,17,*,*,443,*,*,forward
334,*,9e:8d:de:80:29:28,0x800,clients1.google.com,*,6,*,*,443,*,*,forward
335,*,9e:8d:de:80:29:28,0x800,8.8.8.8/32,*,17,*,*,53,*,*,forward
336,*,9e:8d:de:80:29:28,0x800,lh6.googleusercontent.com,*,17,*,*,443,*,*,forward
337,*,9e:8d:de:80:29:28,0x800,clients1.google.com,*,1,0,0,*,*,*,forward
338,*,9e:8d:de:80:29:28,0x800,r4---sn-ntqe6n76.googlevideo.com,*,6,*,*,443,*,*,forward
339,*,9e:8d:de:80:29:28,0x800,tools.google.com,*,6,*,*,80,*,*,forward
340,*,*,0x800,*,*,1,0,0,*,*,*,forward
341,*,9e:8d:de:80:29:28,0x800,r1---sn-55goxu-ntqe.googlevideo.com,*,17,*,*,443,*,*,forward
342,*,9e:8d:de:80:29:28,0x800,r4---sn-ntqe6n76.googlevideo.com,*,17,*,*,443,*,*,forward
343,*,*,0x800,*,*,17,*,*,53,*,*,forward
344,*,9e:8d:de:80:29:28,0x800,tools.google.com,*,1,0,0,*,*,*,forward
345,*,9e:8d:de:80:29:28,0x800,lh4.googleusercontent.com,*,17,*,*,443,*,*,forward
346,*,9e:8d:de:80:29:28,0x800,google.com,*,1,0,0,*,*,*,forward
347,*,9e:8d:de:80:29:28,0x800,clients4.google.com,*,17,*,*,443,*,*,forward
348,*,*,0x800,*,*,6,*,*,*,8008,*,forward
349,*,9e:8d:de:80:29:28,0x800,time.google.com,*,17,*,*,123,*,*,forward
350,*,9e:8d:de:80:29:28,0x800,mtalk.google.com,*,6,*,*,5228,*,*,forward
351,*,9e:8d:de:80:29:28,0x800,www.gstatic.com,*,6,*,*,80,*,*,forward
352,*,9e:8d:de:80:29:28,0x800,www.youtube.com,*,6,*,*,80,*,*,forward
353,*,9e:8d:de:80:29:28,0x800,lh3.googleusercontent.com,*,17,*,*,443,*,*,forward
354,*,9e:8d:de:80:29:28,0x800,fonts.gstatic.com,*,17,*,*,443,*,*,forward
355,*,9e:8d:de:80:29:28,0x800,8.8.8.8/32,*,1,0,0,*,*,*,forward
356,*,9e:8d:de:80:29:28,0x800,android.clients.google.com,*,6,*,*,443,*,*,forward
357,*,9e:8d:de:80:29:28,0x800,yt3.ggpht.com,*,17,*,*,443,*,*,forward
358,*,9e:8d:de:80:29:28,0x800,securepubads.g.doubleclick.net,*,6,*,*,443,*,*,forward
359,*,9e:8d:de:80:29:28,0x800,clients2.google.com,*,6,*,*,80,*,*,forward
360,*,9e:8d:de:80:29:28,0x800,clients4.google.com,*,1,0,0,*,*,*,forward
361,*,9e:8d:de:80:29:28,0x800,ade.googlesyndication.com,*,6,*,*,443,*,*,forward
362,*,9e:8d:de:80:29:28,0x800,fonts.gstatic.com,*,6,*,*,443,*,*,forward
363,*,9e:8d:de:80:29:28,0x800,cdn.ravenjs.com,*,6,*,*,443,*,*,forward
364,*,9e:8d:de:80:29:28,0x800,connectivitycheck.gstatic.com,*,6,*,*,80,*,*,forward
365,*,9e:8d:de:80:29:28,0x800,www.gstatic.com,*,17,*,*,443,*,*,forward
366,*,9e:8d:de:80:29:28,0x800,clients2.google.com,*,1,0,0,*,*,*,forward
367,*,9e:8d:de:80:29:28,0x800,secure.insightexpressai.com,*,6,*,*,443,*,*,forward
368,*,9e:8d:de:80:29:28,0x800,storage.googleapis.com,*,6,*,*,443,*,*,forward
369,*,9e:8d:de:80:29:28,0x800,fonts.googleapis.com,*,6,*,*,443,*,*,forward
370,*,9e:8d:de:80:29:28,0x800,clients4.google.com,*,6,*,*,443,*,*,forward
371,*,9e:8d:de:80:29:28,0x800,ajax.googleapis.com,*,17,*,*,443,*,*,forward
372,*,9e:8d:de:80:29:28,0x800,connectivitycheck.gstatic.com,*,17,*,*,443,*,*,forward
373,*,9e:8d:de:80:29:28,0x800,google.com,*,6,*,*,443,*,*,forward
374,*,9e:8d:de:80:29:28,0x800,www.youtube.com,*,1,0,0,*,*,*,forward
375,*,9e:8d:de:80:29:28,0x800,www.youtube-nocookie.com,*,6,*,*,443,*,*,forward
376,*,9e:8d:de:80:29:28,0x800,r3---sn-55goxu-ntqe.googlevideo.com,*,17,*,*,443,*,*,forward
377,*,9e:8d:de:80:29:28,0x800,api-partner.spotify.com,*,6,*,*,443,*,*,forward
378,*,9e:8d:de:80:29:28,0x800,lh6.googleusercontent.com,*,6,*,*,443,*,*,forward
379,*,9e:8d:de:80:29:28,0x800,clients2.google.com,*,6,*,*,443,*,*,forward
380,*,9e:8d:de:80:29:28,0x800,lh5.googleusercontent.com,*,17,*,*,443,*,*,forward
381,*,9e:8d:de:80:29:28,0x800,ade.googlesyndication.com,*,17,*,*,443,*,*,forward
382,*,9e:8d:de:80:29:28,0x800,android.clients.google.com,*,1,0,0,*,*,*,forward
383,*,9e:8d:de:80:29:28,0x800,storage.googleapis.com,*,17,*,*,443,*,*,forward
384,*,9e:8d:de:80:29:28,0x800,clients4.google.com,*,6,*,*,80,*,*,forward
385,*,9e:8d:de:80:29:28,0x800,pagead2.googlesyndication.com,*,17,*,*,443,*,*,forward
386,*,*,0x800,*,*,6,*,*,*,8009,*,forward
387,*,9e:8d:de:80:29:28,0x800,ad.doubleclick.net,*,6,*,*,443,*,*,forward
388,*,9e:8d:de:80:29:28,0x800,google.com,*,6,*,*,80,*,*,forward
389,*,9e:8d:de:80:29:28,0x800,lh3.googleusercontent.com,*,6,*,*,443,*,*,forward
390,*,9e:8d:de:80:29:28,0x800,google.com,*,17,*,*,443,*,*,forward
391,*,9e:8d:de:80:29:28,0x800,android.clients.google.com,*,6,*,*,80,*,*,forward
392,*,9e:8d:de:80:29:28,0x800,clients3.google.com,*,1,0,0,*,*,*,forward
393,*,9e:8d:de:80:29:28,0x800,ssl.gstatic.com,*,6,*,*,443,*,*,forward
394,*,9e:8d:de:80:29:28,0x800,yt3.ggpht.com,*,6,*,*,443,*,*,forward
395,*,9e:8d:de:80:29:28,0x800,www.youtube.com,*,17,*,*,443,*,*,forward
396,*,9e:8d:de:80:29:28,0x800,googleads.g.doubleclick.net,*,17,*,*,443,*,*,forward
397,*,9e:8d:de:80:29:28,0x800,www.googleapis.com,*,6,*,*,443,*,*,forward
398,*,9e:8d:de:80:29:28,0x800,tools.google.com,*,6,*,*,443,*,*,forward
399,*,9e:8d:de:80:29:28,0x800,i.ytimg.com,*,17,*,*,443,*,*,forward
400,*,9e:8d:de:80:29:28,0x800,fonts.gstatic.com,*,6,*,*,80,*,*,forward
401,*,9e:8d:de:80:29:28,0x800,ad.doubleclick.net,*,17,*,*,443,*,*,forward
402,*,9e:8d:de:80:29:28,0x800,i.ytimg.com,*,6,*,*,443,*,*,forward
403,*,9e:8d:de:80:29:28,0x800,clients1.google.com,*,6,*,*,80,*,*,forward
404,*,9e:8d:de:80:29:28,0x800,ssl.gstatic.com,*,17,*,*,443,*,*,forward
405,*,9e:8d:de:80:29:28,0x800,r1---sn-55goxu-ntqe.googlevideo.com,*,6,*,*,443,*,*,forward
406,*,9e:8d:de:80:29:28,0x800,lh5.googleusercontent.com,*,6,*,*,443,*,*,forward
407,*,9e:8d:de:80:29:28,0x800,www.googleapis.com,*,17,*,*,443,*,*,forward
408,*,9e:8d:de:80:29:28,0x800,ajax.googleapis.com,*,6,*,*,443,*,*,forward
409,*,9e:8d:de:80:29:28,0x800,connectivitycheck.gstatic.com,*,6,*,*,443,*,*,forward
410,*,9e:8d:de:80:29:28,0x800,tools.google.com,*,17,*,*,443,*,*,forward
411,*,9e:8d:de:80:29:28,0x800,pagead2.googlesyndication.com,*,6,*,*,443,*,*,forward
412,*,9e:8d:de:80:29:28,0x800,clients1.google.com,*,17,*,*,443,*,*,forward
413,*,9e:8d:de:80:29:28,0x800,securepubads.g.doubleclick.net,*,17,*,*,443,*,*,forward
414,*,9e:8d:de:80:29:28,0x800,fonts.googleapis.com,*,17,*,*,443,*,*,forward
415,*,*,*,*,*,58,*,*,*,*,*,forward
416,*,*,*,*,*,0,*,*,*,*,*,forward
417,*,*,0x0006,*,*,*,*,*,*,*,*,forward
418,*,*,0x888e,*,*,*,*,*,*,*,*,forward
419,9e:8d:de:80:29:28,*,0x800,*,pool.ntp.org,17,*,*,*,123,*,forward
420,9e:8d:de:80:29:28,*,0x800,*,oculus2275-us1.dropcam.com,6,*,*,*,443,*,forward
421,*,*,0x800,*,*,17,*,*,*,67,*,forward
422,9e:8d:de:80:29:28,*,0x800,*,nexus.dropcam.com,6,*,*,*,443,*,forward
423,*,*,0x800,*,*,17,*,*,*,53,*,forward
424,9e:8d:de:80:29:28,ff:ff:ff:ff:ff:ff,0x800,*,255.255.255.255/32,17,*,*,*,67,*,forward
425,9e:8d:de:80:29:28,*,0x800,*,nexus-us1.dropcam.com,6,*,*,*,443,*,forward
426,9e:8d:de:80:29:28,*,0x800,*,8.8.4.4/32,17,*,*,*,53,*,forward
427,9e:8d:de:80:29:28,*,0x800,*,8.8.8.8/32,17,*,*,*,53,*,forward
428,*,9e:8d:de:80:29:28,0x800,oculus2275-us1.dropcam.com,*,6,*,*,443,*,*,forward
429,*,9e:8d:de:80:29:28,0x800,nexus-us1.dropcam.com,*,6,*,*,443,*,*,forward
430,*,*,0x800,*,*,17,*,*,53,*,*,forward
431,*,9e:8d:de:80:29:28,0x800,nexus.dropcam.com,*,6,*,*,443,*,*,forward
432,*,*,0x800,*,*,17,*,*,67,*,*,forward
433,*,9e:8d:de:80:29:28,0x800,8.8.8.8/32,*,17,*,*,53,*,*,forward
434,*,9e:8d:de:80:29:28,0x800,8.8.4.4/32,*,17,*,*,53,*,*,forward
435,*,9e:8d:de:80:29:28,0x800,pool.ntp.org,*,17,*,*,123,*,*,forward
436,*,*,0x888e,*,*,*,*,*,*,*,*,forward
437,*,*,0x0006,*,*,*,*,*,*,*,*,forward
438,*,*,0x800,*,*,17,*,*,*,67,*,forward
439,*,*,0x800,*,*,17,*,*,*,53,*,forward
440,9e:8d:de:80:29:28,*,0x800,*,puppeteer.toytalk.com,6,*,*,*,443,*,forward
441,9e:8d:de:80:29:28,ff:ff:ff:ff:ff:ff,0x800,*,255.255.255.255/32,17,*,*,*,67,*,forward
442,9e:8d:de:80:29:28,*,0x800,*,firmware.toytalk.com,6,*,*,*,443,*,forward
443,9e:8d:de:80:29:28,*,0x800,*,storage.toytalk.com,6,*,*,*,443,*,forward
444,*,*,0x800,*,*,17,*,*,53,*,*,forward
445,*,9e:8d:de:80:29:28,0x800,puppeteer.toytalk.com,*,6,*,*,443,*,*,forward
446,*,9e:8d:de:80:29:28,0x800,firmware.toytalk.com,*,6,*,*,443,*,*,forward
447,*,*,0x800,*,*,17,*,*,67,*,*,forward
448,*,9e:8d:de:80:29:28,0x800,storage.toytalk.com,*,6,*,*,443,*,*,forward
449,*,*,0x888e,*,*,*,*,*,*,*,*,forward
450,*,*,0x0006,*,*,*,*,*,*,*,*,forward
451,9e:8d:de:80:29:28,*,0x800,*,xmpp009.hpeprint.com,6,*,*,*,5222,*,forward
452,9e:8d:de:80:29:28,*,*,*,224.0.1.60/32,2,*,*,*,*,*,forward
453,9e:8d:de:80:29:28,ff:ff:ff:ff:ff:ff,0x800,*,255.255.255.255/32,17,*,*,*,67,*,forward
454,9e:8d:de:80:29:28,*,0x800,*,xmpp009.hpeprint.com,6,*,*,*,443,*,forward
455,9e:8d:de:80:29:28,*,0x800,*,xmpp009.hpeprint.com,6,*,*,*,80,*,forward
456,*,ff:ff:ff:ff:ff:ff,0x800,*,*,17,*,*,*,137,*,forward
457,9e:8d:de:80:29:28,*,*,*,239.255.255.250/32,2,*,*,*,*,*,forward
458,*,*,0x800,*,*,17,*,*,*,53,*,forward
459,9e:8d:de:80:29:28,*,0x800,*,224.0.0.252/32,17,*,*,*,5355,*,forward
460,*,*,0x800,*,*,17,*,*,*,67,*,forward
461,9e:8d:de:80:29:28,*,0x800,*,chat.hpeprint.com,6,*,*,*,80,*,forward
462,9e:8d:de:80:29:28,*,0x800,*,224.0.0.251/32,17,*,*,*,5353,*,forward
463,9e:8d:de:80:29:28,*,0x800,*,xmpp009.hpeprint.com,6,*,*,*,5223,*,forward
464,9e:8d:de:80:29:28,*,0x800,*,chat.hpeprint.com,6,*,*,*,443,*,forward
465,9e:8d:de:80:29:28,*,0x800,*,h10141.www1.hp.com,6,*,*,*,80,*,forward
466,*,*,0x800,*,*,17,*,*,5353,*,*,forward
467,*,*,0x800,*,*,6,*,*,80,*,*,forward
468,*,9e:8d:de:80:29:28,0x800,xmpp009.hpeprint.com,*,6,*,*,80,*,*,forward
469,*,*,0x800,*,*,17,*,*,53,*,*,forward
470,*,9e:8d:de:80:29:28,0x800,h10141.www1.hp.com,*,6,*,*,80,*,*,forward
471,*,*,0x800,*,*,17,*,*,67,*,*,forward
472,*,9e:8d:de:80:29:28,0x800,xmpp009.hpeprint.com,*,6,*,*,443,*,*,forward
473,*,9e:8d:de:80:29:28,0x800,xmpp009.hpeprint.com,*,6,*,*,5223,*,*,forward
474,*,*,0x800,*,*,6,*,*,*,80,*,forward
475,*,9e:8d:de:80:29:28,0x800,chat.hpeprint.com,*,6,*,*,443,*,*,forward
476,*,9e:8d:de:80:29:28,0x800,chat.hpeprint.com,*,6,*,*,80,*,*,forward
477,*,9e:8d:de:80:29:28,0x800,xmpp009.hpeprint.com,*,6,*,*,5222,*,*,forward
478,*,*,*,*,*,58,*,*,*,*,*,forward
479,*,*,*,*,*,44,*,*,*,*,*,forward
480,*,*,*,*,*,17,*,*,*,5353,*,forward
481,*,*,*,*,*,17,*,*,*,547,*,forward
482,*,*,*,*,*,0,*,*,*,*,*,forward
483,*,*,*,*,*,58,*,*,*,*,*,forward
484,*,*,*,*,*,17,*,*,*,53,*,forward
485,*,*,*,*,*,0,*,*,*,*,*,forward
486,*,*,*,*,*,17,*,*,5353,*,*,forward
487,*,*,*,*,*,17,*,*,*,5355,*,forward
488,*,*,*,*,*,58,*,*,*,*,*,forward
489,*,*,*,*,*,17,*,*,547,*,*,forward
490,*,*,*,*,*,17,*,*,53,*,*,forward
491,*,*,0x0006,*,*,*,*,*,*,*,*,forward
492,*,*,0x888e,*,*,*,*,*,*,*,*,forward
493,*,*,0x800,*,*,17,*,*,*,67,*,forward
494,9e:8d:de:80:29:28,*,0x800,*,www.ecdinterface.philips.com,6,*,*,*,80,*,forward
495,9e:8d:de:80:29:28,*,*,*,224.0.0.22/32,2,*,*,*,*,*,forward
496,9e:8d:de:80:29:28,*,0x800,*,www2.meethue.com,6,*,*,*,443,*,forward
497,9e:8d:de:80:29:28,*,0x800,*,239.255.255.250/32,17,*,*,*,1900,*,forward
498,9e:8d:de:80:29:28,ff:ff:ff:ff:ff:ff,0x800,*,255.255.255.255/32,17,*,*,*,67,*,forward
499,9e:8d:de:80:29:28,*,0x800,*,time2.google.com,17,*,*,*,123,*,forward
500,9e:8d:de:80:29:28,*,0x800,*,dcp.cpp.philips.com,6,*,*,*,80,*,forward
501,9e:8d:de:80:29:28,*,0x800,*,time4.google.com,17,*,*,*,123,*,forward
502,9e:8d:de:80:29:28,*,0x800,*,224.0.0.251/32,17,*,*,*,5353,*,forward
503,9e:8d:de:80:29:28,*,0x800,*,time.meethue.com,6,*,*,*,443,*,forward
504,9e:8d:de:80:29:28,*,0x800,*,diagnostics.meethue.com,6,*,*,*,80,*,forward
505,*,*,0x800,*,*,17,*,*,*,53,*,forward
506,9e:8d:de:80:29:28,*,0x800,*,ws.meethue.com,6,*,*,*,443,*,forward
507,9e:8d:de:80:29:28,*,0x800,*,time3.google.com,17,*,*,*,123,*,forward
508,9e:8d:de:80:29:28,*,0x800,*,fds.cpp.philips.com,6,*,*,*,80,*,forward
509,9e:8d:de:80:29:28,*,0x800,*,time1.google.com,17,*,*,*,123,*,forward
510,9e:8d:de:80:29:28,*,0x800,*,bridge.meethue.com,6,*,*,*,80,*,forward
511,*,*,0x800,*,*,6,*,*,80,*,*,forward
512,*,*,0x800,*,*,17,*,*,53,*,*,forward
513,*,9e:8d:de:80:29:28,0x800,time4.google.com,*,17,*,*,123,*,*,forward
514,*,9e:8d:de:80:29:28,0x800,ws.meethue.com,*,6,*,*,443,*,*,forward
515,*,9e:8d:de:80:29:28,0x800,time2.google.com,*,17,*,*,123,*,*,forward
516,*,9e:8d:de:80:29:28,0x800,diagnostics.meethue.com,*,6,*,*,80,*,*,forward
517,*,9e:8d:de:80:29:28,0x800,dcp.cpp.philips.com,*,6,*,*,80,*,*,forward
518,*,9e:8d:de:80:29:28,0x800,www.ecdinterface.philips.com,*,6,*,*,80,*,*,forward
519,*,9e:8d:de:80:29:28,0x800,bridge.meethue.com,*,6,*,*,80,*,*,forward
520,*,9e:8d:de:80:29:28,0x800,www2.meethue.com,*,6,*,*,443,*,*,forward
521,*,9e:8d:de:80:29:28,0x800,time1.google.com,*,17,*,*,123,*,*,forward
522,*,9e:8d:de:80:29:28,0x800,time3.google.com,*,17,*,*,123,*,*,forward
523,*,9e:8d:de:80:29:28,0x800,time.meethue.com,*,6,*,*,443,*,*,forward
524,*,9e:8d:de:80:29:28,0x800,fds.cpp.philips.com,*,6,*,*,80,*,*,forward
525,*,*,0x800,*,*,17,*,*,67,*,*,forward
526,*,*,0x800,*,*,6,*,*,*,80,*,forward
527,*,*,*,*,*,0,*,*,*,*,*,forward
528,*,*,*,*,*,58,*,*,*,*,*,forward
529,*,*,*,*,*,17,*,*,*,5353,*,forward
530,*,*,*,*,*,58,*,*,*,*,*,forward
531,*,*,0x800,*,*,17,*,*,*,67,*,forward
532,9e:8d:de:80:29:28,*,*,*,224.0.0.251/32,2,*,*,*,*,*,forward
533,9e:8d:de:80:29:28,ff:ff:ff:ff:ff:ff,0x800,*,255.255.255.255/32,17,*,*,*,67,*,forward
534,9e:8d:de:80:29:28,*,0x800,*,224.0.0.251/32,17,*,*,*,5353,*,forward
535,*,*,0x800,*,*,17,*,*,*,53,*,forward
536,9e:8d:de:80:29:28,*,0x800,*,mqtt.evrythng.com,6,*,*,*,443,*,forward
537,9e:8d:de:80:29:28,*,0x800,*,time.evrythng.com,6,*,*,*,80,*,forward
538,*,9e:8d:de:80:29:28,0x800,time.evrythng.com,*,6,*,*,80,*,*,forward
539,*,*,0x800,*,*,17,*,*,53,*,*,forward
540,*,*,0x800,*,*,17,*,*,67,*,*,forward
541,*,9e:8d:de:80:29:28,0x800,mqtt.evrythng.com,*,6,*,*,443,*,*,forward
542,*,*,*,*,*,0,*,*,*,*,*,forward
543,*,*,*,*,*,17,*,*,*,5353,*,forward
544,*,*,*,*,*,58,*,*,*,*,*,forward
545,*,*,*,*,*,58,*,*,*,*,*,forward
546,*,*,0x888e,*,*,*,*,*,*,*,*,forward
547,*,*,0x0006,*,*,*,*,*,*,*,*,forward
548,9e:8d:de:80:29:28,*,0x800,*,pool.ntp.org,17,*,*,*,123,*,forward
549,*,ff:ff:ff:ff:ff:ff,0x800,*,*,17,*,*,*,56700,*,forward
550,*,*,0x800,*,*,17,*,*,*,67,*,forward
551,*,*,0x800,*,*,17,*,*,*,53,*,forward
552,*,*,0x800,*,*,17,*,*,56700,*,*,forward
553,9e:8d:de:80:29:28,ff:ff:ff:ff:ff:ff,0x800,*,255.255.255.255/32,17,*,*,*,67,*,forward
554,9e:8d:de:80:29:28,*,0x800,*,v2.broker.lifx.co,6,*,*,*,56700,*,forward
555,9e:8d:de:80:29:28,*,0x800,*,8.8.8.8/32,17,*,*,*,53,*,forward
556,*,9e:8d:de:80:29:28,0x800,v2.broker.lifx.co,*,6,*,*,56700,*,*,forward
557,*,*,0x800,*,*,17,*,*,53,*,*,forward
558,*,*,0x800,*,*,17,*,*,67,*,*,forward
559,*,9e:8d:de:80:29:28,0x800,8.8.8.8/32,*,17,*,*,53,*,*,forward
560,*,*,0x800,*,*,17,*,*,*,56700,*,forward
561,*,9e:8d:de:80:29:28,0x800,pool.ntp.org,*,17,*,*,123,*,*,forward
562,*,*,*,*,*,58,*,*,*,*,*,forward
563,*,*,*,*,*,58,*,*,*,*,*,forward
564,*,*,0x888e,*,*,*,*,*,*,*,*,forward
565,*,*,0x0006,*,*,*,*,*,*,*,*,forward
566,9e:8d:de:80:29:28,*,0x800,*,czfe22.front01.iad01.production.nest.com,6,*,*,*,11095,*,forward
567,9e:8d:de:80:29:28,*,0x800,*,czfe89.front01.iad01.production.nest.com,6,*,*,*,11095,*,forward
568,9e:8d:de:80:29:28,ff:ff:ff:ff:ff:ff,0x800,*,255.255.255.255/32,17,*,*,*,67,*,forward
569,9e:8d:de:80:29:28,*,0x800,*,czfe14.front01.iad01.production.nest.com,6,*,*,*,11095,*,forward
570,9e:8d:de:80:29:28,*,0x800,*,czfe100.front01.iad01.production.nest.com,6,*,*,*,11095,*,forward
571,9e:8d:de:80:29:28,*,0x800,*,czfe32.front01.iad01.production.nest.com,6,*,*,*,11095,*,forward
572,9e:8d:de:80:29:28,*,0x800,*,czfe04.front01.iad01.production.nest.com,6,*,*,*,11095,*,forward
573,9e:8d:de:80:29:28,*,0x800,*,czfe41.front01.iad01.production.nest.com,6,*,*,*,11095,*,forward
574,9e:8d:de:80:29:28,*,0x800,*,frontdoor.nest.com,6,*,*,*,11095,*,forward
575,9e:8d:de:80:29:28,*,0x800,*,czfe50.front01.iad01.production.nest.com,6,*,*,*,11095,*,forward
576,9e:8d:de:80:29:28,*,0x800,*,czfe03.front01.iad01.production.nest.com,6,*,*,*,11095,*,forward
577,*,*,0x800,*,*,17,*,*,*,53,*,forward
578,9e:8d:de:80:29:28,*,0x800,*,czfe11.front01.iad01.production.nest.com,6,*,*,*,11095,*,forward
579,9e:8d:de:80:29:28,*,0x800,*,czfe21.front01.iad01.production.nest.com,6,*,*,*,11095,*,forward
580,9e:8d:de:80:29:28,*,0x800,*,czfe30.front01.iad01.production.nest.com,6,*,*,*,11095,*,forward
581,9e:8d:de:80:29:28,*,0x800,*,czfe79.front01.iad01.production.nest.com,6,*,*,*,11095,*,forward
582,9e:8d:de:80:29:28,*,0x800,*,czfe17.front01.iad01.production.nest.com,6,*,*,*,11095,*,forward
583,9e:8d:de:80:29:28,*,0x800,*,czfe16.front01.iad01.production.nest.com,6,*,*,*,11095,*,forward
584,9e:8d:de:80:29:28,*,0x800,*,czfe53.front01.iad01.production.nest.com,6,*,*,*,11095,*,forward
585,9e:8d:de:80:29:28,*,0x800,*,czfe109.front01.iad01.production.nest.com,6,*,*,*,11095,*,forward
586,9e:8d:de:80:29:28,*,0x800,*,czfe71.front01.iad01.production.nest.com,6,*,*,*,11095,*,forward
587,9e:8d:de:80:29:28,*,0x800,*,czfe84.front01.iad01.production.nest.com,6,*,*,*,11095,*,forward
588,9e:8d:de:80:29:28,*,0x800,*,czfe108.front01.iad01.production.nest.com,6,*,*,*,11095,*,forward
589,9e:8d:de:80:29:28,*,0x800,*,czfe49.front01.iad01.production.nest.com,6,*,*,*,11095,*,forward
590,9e:8d:de:80:29:28,*,0x800,*,czfe66.front01.iad01.production.nest.com,6,*,*,*,11095,*,forward
591,9e:8d:de:80:29:28,*,0x800,*,czfe67.front01.iad01.production.nest.com,6,*,*,*,11095,*,forward
592,9e:8d:de:80:29:28,*,0x800,*,czfe48.front01.iad01.production.nest.com,6,*,*,*,11095,*,forward
593,9e:8d:de:80:29:28,*,0x800,*,czfe70.front01.iad01.production.nest.com,6,*,*,*,11095,*,forward
594,9e:8d:de:80:29:28,*,0x800,*,czfe33.front01.iad01.production.nest.com,6,*,*,*,11095,*,forward
595,9e:8d:de:80:29:28,*,0x800,*,weave-logsink.nest.com,6,*,*,*,11095,*,forward
596,9e:8d:de:80:29:28,*,0x800,*,czfe91.front01.iad01.production.nest.com,6,*,*,*,11095,*,forward
597,9e:8d:de:80:29:28,*,0x800,*,czfe116.front01.iad01.production.nest.com,6,*,*,*,11095,*,forward
598,9e:8d:de:80:29:28,*,0x800,*,czfe56.front01.iad01.production.nest.com,6,*,*,*,11095,*,forward
599,9e:8d:de:80:29:28,*,0x800,*,czfe113.front01.iad01.production.nest.com,6,*,*,*,11095,*,forward
600,9e:8d:de:80:29:28,*,0x800,*,czfe105.front01.iad01.production.nest.com,6,*,*,*,11095,*,forward
601,9e:8d:de:80:29:28,*,0x800,*,czfe104.front01.iad01.production.nest.com,6,*,*,*,11095,*,forward
602,9e:8d:de:80:29:28,*,0x800,*,czfe36.front01.iad01.production.nest.com,6,*,*,*,11095,*,forward
603,9e:8d:de:80:29:28,*,0x800,*,czfe73.front01.iad01.production.nest.com,6,*,*,*,11095,*,forward
604,9e:8d:de:80:29:28,*,0x800,*,czfe119.front01.iad01.production.nest.com,6,*,*,*,11095,*,forward
605,*,ff:ff:ff:ff:ff:ff,0x800,*,*,17,*,*,*,67,*,forward
606,9e:8d:de:80:29:28,*,0x800,*,czfe95.front01.iad01.production.nest.com,6,*,*,*,11095,*,forward
607,9e:8d:de:80:29:28,*,0x800,*,czfe60.front01.iad01.production.nest.com,6,*,*,*,11095,*,forward
608,9e:8d:de:80:29:28,*,0x800,*,czfe43.front01.iad01.production.nest.com,6,*,*,*,11095,*,forward
609,9e:8d:de:80:29:28,*,0x800,*,czfe118.front01.iad01.production.nest.com,6,*,*,*,11095,*,forward
610,9e:8d:de:80:29:28,*,0x800,*,czfe93.front01.iad01.production.nest.com,6,*,*,*,11095,*,forward
611,9e:8d:de:80:29:28,*,0x800,*,czfe06.front01.iad01.production.nest.com,6,*,*,*,11095,*,forward
612,9e:8d:de:80:29:28,*,0x800,*,czfe117.front01.iad01.production.nest.com,6,*,*,*,11095,*,forward
613,9e:8d:de:80:29:28,*,0x800,*,czfe58.front01.iad01.production.nest.com,6,*,*,*,11095,*,forward
614,9e:8d:de:80:29:28,*,0x800,*,czfe42.front01.iad01.production.nest.com,6,*,*,*,11095,*,forward
615,9e:8d:de:80:29:28,*,0x800,*,czfe94.front01.iad01.production.nest.com,6,*,*,*,11095,*,forward
616,*,9e:8d:de:80:29:28,0x800,czfe91.front01.iad01.production.nest.com,*,6,*,*,11095,*,*,forward
617,*,9e:8d:de:80:29:28,0x800,weave-logsink.nest.com,*,6,*,*,11095,*,*,forward
618,*,9e:8d:de:80:29:28,0x800,czfe22.front01.iad01.production.nest.com,*,6,*,*,11095,*,*,forward
619,*,9e:8d:de:80:29:28,0x800,czfe32.front01.iad01.production.nest.com,*,6,*,*,11095,*,*,forward
620,*,9e:8d:de:80:29:28,0x800,czfe14.front01.iad01.production.nest.com,*,6,*,*,11095,*,*,forward
621,*,9e:8d:de:80:29:28,0x800,czfe113.front01.iad01.production.nest.com,*,6,*,*,11095,*,*,forward
622,*,*,0x800,*,*,17,*,*,67,*,*,forward
623,*,9e:8d:de:80:29:28,0x800,czfe36.front01.iad01.production.nest.com,*,6,*,*,11095,*,*,forward
624,*,9e:8d:de:80:29:28,0x800,czfe04.front01.iad01.production.nest.com,*,6,*,*,11095,*,*,forward
625,*,9e:8d:de:80:29:28,0x800,czfe108.front01.iad01.production.nest.com,*,6,*,*,11095,*,*,forward
626,*,9e:8d:de:80:29:28,0x800,czfe42.front01.iad01.production.nest.com,*,6,*,*,11095,*,*,forward
627,*,9e:8d:de:80:29:28,0x800,czfe58.front01.iad01.production.nest.com,*,6,*,*,11095,*,*,forward
628,*,9e:8d:de:80:29:28,0x800,czfe41.front01.iad01.production.nest.com,*,6,*,*,11095,*,*,forward
629,*,9e:8d:de:80:29:28,0x800,czfe79.front01.iad01.production.nest.com,*,6,*,*,11095,*,*,forward
630,*,*,0x800,*,*,17,*,*,53,*,*,forward
631,*,9e:8d:de:80:29:28,0x800,czfe16.front01.iad01.production.nest.com,*,6,*,*,11095,*,*,forward
632,*,9e:8d:de:80:29:28,0x800,czfe117.front01.iad01.production.nest.com,*,6,*,*,11095,*,*,forward
633,*,9e:8d:de:80:29:28,0x800,czfe94.front01.iad01.production.nest.com,*,6,*,*,11095,*,*,forward
634,*,9e:8d:de:80:29:28,0x800,czfe30.front01.iad01.production.nest.com,*,6,*,*,11095,*,*,forward
635,*,9e:8d:de:80:29:28,0x800,czfe49.front01.iad01.production.nest.com,*,6,*,*,11095,*,*,forward
636,*,9e:8d:de:80:29:28,0x800,czfe50.front01.iad01.production.nest.com,*,6,*,*,11095,*,*,forward
637,*,9e:8d:de:80:29:28,0x800,czfe66.front01.iad01.production.nest.com,*,6,*,*,11095,*,*,forward
638,*,9e:8d:de:80:29:28,0x800,czfe60.front01.iad01.production.nest.com,*,6,*,*,11095,*,*,forward
639,*,9e:8d:de:80:29:28,0x800,czfe33.front01.iad01.production.nest.com,*,6,*,*,11095,*,*,forward
640,*,9e:8d:de:80:29:28,0x800,czfe03.front01.iad01.production.nest.com,*,6,*,*,11095,*,*,forward
641,*,9e:8d:de:80:29:28,0x800,czfe104.front01.iad01.production.nest.com,*,6,*,*,11095,*,*,forward
642,*,9e:8d:de:80:29:28,0x800,czfe70.front01.iad01.production.nest.com,*,6,*,*,11095,*,*,forward
643,*,9e:8d:de:80:29:28,0x800,czfe11.front01.iad01.production.nest.com,*,6,*,*,11095,*,*,forward
644,*,9e:8d:de:80:29:28,0x800,czfe53.front01.iad01.production.nest.com,*,6,*,*,11095,*,*,forward
645,*,9e:8d:de:80:29:28,0x800,czfe109.front01.iad01.production.nest.com,*,6,*,*,11095,*,*,forward
646,*,9e:8d:de:80:29:28,0x800,czfe43.front01.iad01.production.nest.com,*,6,*,*,11095,*,*,forward
647,*,9e:8d:de:80:29:28,0x800,czfe21.front01.iad01.production.nest.com,*,6,*,*,11095,*,*,forward
648,*,9e:8d:de:80:29:28,0x800,czfe95.front01.iad01.production.nest.com,*,6,*,*,11095,*,*,forward
649,*,9e:8d:de:80:29:28,0x800,czfe119.front01.iad01.production.nest.com,*,6,*,*,11095,*,*,forward
650,*,9e:8d:de:80:29:28,0x800,frontdoor.nest.com,*,6,*,*,11095,*,*,forward
651,*,9e:8d:de:80:29:28,0x800,czfe73.front01.iad01.production.nest.com,*,6,*,*,11095,*,*,forward
652,*,9e:8d:de:80:29:28,0x800,czfe118.front01.iad01.production.nest.com,*,6,*,*,11095,*,*,forward
653,*,9e:8d:de:80:29:28,0x800,czfe84.front01.iad01.production.nest.com,*,6,*,*,11095,*,*,forward
654,*,9e:8d:de:80:29:28,0x800,czfe48.front01.iad01.production.nest.com,*,6,*,*,11095,*,*,forward
655,*,9e:8d:de:80:29:28,0x800,czfe89.front01.iad01.production.nest.com,*,6,*,*,11095,*,*,forward
656,*,9e:8d:de:80:29:28,0x800,czfe06.front01.iad01.production.nest.com,*,6,*,*,11095,*,*,forward
657,*,9e:8d:de:80:29:28,0x800,czfe17.front01.iad01.production.nest.com,*,6,*,*,11095,*,*,forward
658,*,9e:8d:de:80:29:28,0x800,czfe67.front01.iad01.production.nest.com,*,6,*,*,11095,*,*,forward
659,*,9e:8d:de:80:29:28,0x800,czfe71.front01.iad01.production.nest.com,*,6,*,*,11095,*,*,forward
660,*,9e:8d:de:80:29:28,0x800,czfe56.front01.iad01.production.nest.com,*,6,*,*,11095,*,*,forward
661,*,9e:8d:de:80:29:28,0x800,czfe105.front01.iad01.production.nest.com,*,6,*,*,11095,*,*,forward
662,*,9e:8d:de:80:29:28,0x800,czfe116.front01.iad01.production.nest.com,*,6,*,*,11095,*,*,forward
663,*,9e:8d:de:80:29:28,0x800,czfe93.front01.iad01.production.nest.com,*,6,*,*,11095,*,*,forward
664,*,9e:8d:de:80:29:28,0x800,czfe100.front01.iad01.production.nest.com,*,6,*,*,11095,*,*,forward
665,*,*,*,*,*,58,*,*,*,*,*,forward
666,*,*,*,*,*,58,*,*,*,*,*,forward
667,*,*,*,*,*,0,*,*,*,*,*,forward
668,*,*,0x0006,*,*,*,*,*,*,*,*,forward
669,*,*,0x888e,*,*,*,*,*,*,*,*,forward
670,9e:8d:de:80:29:28,*,0x800,*,2.android.pool.ntp.org,17,*,*,*,123,*,forward
671,9e:8d:de:80:29:28,ff:ff:ff:ff:ff:ff,0x800,*,255.255.255.255/32,17,*,*,*,67,*,forward
672,9e:8d:de:80:29:28,*,0x800,*,v7.netatmo.net,1,8,0,*,*,*,forward
673,9e:8d:de:80:29:28,*,0x800,*,v4.netatmo.net,17,*,*,*,4500,*,forward
674,9e:8d:de:80:29:28,*,0x800,*,v2.netatmo.net,17,*,*,*,500,*,forward
675,9e:8d:de:80:29:28,*,0x800,*,vpn.netatmo.net,17,*,*,*,500,*,forward
676,*,*,0x800,*,*,17,*,*,*,53,*,forward
677,9e:8d:de:80:29:28,*,0x800,*,v9.netatmo.net,1,8,0,*,*,*,forward
678,9e:8d:de:80:29:28,*,0x800,*,v3.netatmo.net,1,8,0,*,*,*,forward
679,9e:8d:de:80:29:28,*,0x800,*,v4.netatmo.net,1,8,0,*,*,*,forward
680,9e:8d:de:80:29:28,*,0x800,*,v8.netatmo.net,1,8,0,*,*,*,forward
681,*,*,0x800,*,*,17,*,*,*,67,*,forward
682,9e:8d:de:80:29:28,*,0x800,*,v2.netatmo.net,17,*,*,*,4500,*,forward
683,9e:8d:de:80:29:28,*,0x800,*,vpn.netatmo.net,1,8,0,*,*,*,forward
684,9e:8d:de:80:29:28,*,0x800,*,v2.netatmo.net,1,8,0,*,*,*,forward
685,9e:8d:de:80:29:28,*,0x800,*,clients3.google.com,6,*,*,*,80,*,forward
686,9e:8d:de:80:29:28,*,0x800,*,v5.netatmo.net,1,8,0,*,*,*,forward
687,9e:8d:de:80:29:28,*,0x800,*,apicom.netatmo.net,6,*,*,*,443,*,forward
688,9e:8d:de:80:29:28,*,0x800,*,3.android.pool.ntp.org,17,*,*,*,123,*,forward
689,9e:8d:de:80:29:28,*,0x800,*,v4.netatmo.net,17,*,*,*,500,*,forward
690,9e:8d:de:80:29:28,*,0x800,*,vpn.netatmo.net,17,*,*,*,4500,*,forward
691,*,*,0x800,*,*,6,*,*,80,*,*,forward
692,*,9e:8d:de:80:29:28,0x800,vpn.netatmo.net,*,17,*,*,4500,*,*,forward
693,*,*,0x800,*,*,17,*,*,53,*,*,forward
694,*,9e:8d:de:80:29:28,0x800,v3.netatmo.net,*,1,0,0,*,*,*,forward
695,*,9e:8d:de:80:29:28,0x800,2.android.pool.ntp.org,*,17,*,*,123,*,*,forward
696,*,9e:8d:de:80:29:28,0x800,v8.netatmo.net,*,1,0,0,*,*,*,forward
697,*,9e:8d:de:80:29:28,0x800,v4.netatmo.net,*,1,0,0,*,*,*,forward
698,*,9e:8d:de:80:29:28,0x800,clients3.google.com,*,6,*,*,80,*,*,forward
699,*,9e:8d:de:80:29:28,0x800,apicom.netatmo.net,*,6,*,*,443,*,*,forward
700,*,9e:8d:de:80:29:28,0x800,v2.netatmo.net,*,17,*,*,500,*,*,forward
701,*,9e:8d:de:80:29:28,0x800,v4.netatmo.net,*,17,*,*,500,*,*,forward
702,*,9e:8d:de:80:29:28,0x800,vpn.netatmo.net,*,17,*,*,500,*,*,forward
703,*,9e:8d:de:80:29:28,0x800,vpn.netatmo.net,*,1,0,0,*,*,*,forward
704,*,9e:8d:de:80:29:28,0x800,3.android.pool.ntp.org,*,17,*,*,123,*,*,forward
705,*,9e:8d:de:80:29:28,0x800,v2.netatmo.net,*,1,0,0,*,*,*,forward
706,*,*,0x800,*,*,17,*,*,67,*,*,forward
707,*,9e:8d:de:80:29:28,0x800,v7.netatmo.net,*,1,0,0,*,*,*,forward
708,*,9e:8d:de:80:29:28,0x800,v2.netatmo.net,*,17,*,*,4500,*,*,forward
709,*,9e:8d:de:80:29:28,0x800,v9.netatmo.net,*,1,0,0,*,*,*,forward
710,*,*,0x800,*,*,6,*,*,*,80,*,forward
711,*,9e:8d:de:80:29:28,0x800,v5.netatmo.net,*,1,0,0,*,*,*,forward
712,*,9e:8d:de:80:29:28,0x800,v4.netatmo.net,*,17,*,*,4500,*,*,forward
713,*,*,*,*,*,58,*,*,*,*,*,forward
714,*,*,*,*,*,58,*,*,*,*,*,forward
715,*,*,*,*,*,0,*,*,*,*,*,forward
716,*,*,0x0006,*,*,*,*,*,*,*,*,forward
717,*,*,0x888e,*,*,*,*,*,*,*,*,forward
718,*,*,0x800,*,*,17,*,*,*,67,*,forward
719,*,*,0x800,*,*,17,*,*,*,53,*,forward
720,9e:8d:de:80:29:28,ff:ff:ff:ff:ff:ff,0x800,*,255.255.255.255/32,17,*,*,*,67,*,forward
721,9e:8d:de:80:29:28,*,0x800,*,netcom.netatmo.net,6,*,*,*,25050,*,forward
722,*,*,0x800,*,*,17,*,*,53,*,*,forward
723,*,9e:8d:de:80:29:28,0x800,netcom.netatmo.net,*,6,*,*,25050,*,*,forward
724,*,*,0x800,*,*,17,*,*,67,*,*,forward
725,*,*,0x888e,*,*,*,*,*,*,*,*,forward
726,*,*,0x0006,*,*,*,*,*,*,*,*,forward
727,*,*,0x800,*,*,17,*,*,*,67,*,forward
728,9e:8d:de:80:29:28,ff:ff:ff:ff:ff:ff,0x800,*,255.255.255.255/32,17,*,*,*,67,*,forward
729,9e:8d:de:80:29:28,*,0x800,*,127.0.0.1/32,17,*,*,*,137,*,forward
730,9e:8d:de:80:29:28,*,0x800,*,iptime.pix-star.com,6,*,*,*,80,*,forward
731,9e:8d:de:80:29:28,*,0x800,*,api.pix-star.com,6,*,*,*,443,*,forward
732,*,ff:ff:ff:ff:ff:ff,0x800,*,*,17,*,*,*,137,*,forward
733,*,ff:ff:ff:ff:ff:ff,0x800,*,*,17,*,*,*,138,*,forward
734,*,*,0x800,*,*,17,*,*,*,53,*,forward
735,*,9e:8d:de:80:29:28,0x800,iptime.pix-star.com,*,6,*,*,80,*,*,forward
736,*,*,0x800,*,*,17,*,*,53,*,*,forward
737,*,*,0x800,*,*,17,*,*,67,*,*,forward
738,*,9e:8d:de:80:29:28,0x800,api.pix-star.com,*,6,*,*,443,*,*,forward
739,*,*,*,*,*,0,*,*,*,*,*,forward
740,*,*,*,*,*,58,*,*,*,*,*,forward
741,*,*,*,*,*,58,*,*,*,*,*,forward
742,*,*,0x888e,*,*,*,*,*,*,*,*,forward
743,*,*,0x0006,*,*,*,*,*,*,*,*,forward
744,*,*,0x800,*,*,17,*,*,*,67,*,forward
745,*,*,0x800,*,*,17,*,*,*,53,*,forward
746,9e:8d:de:80:29:28,ff:ff:ff:ff:ff:ff,0x800,*,255.255.255.255/32,17,*,*,*,67,*,forward
747,9e:8d:de:80:29:28,*,0x800,*,wu.ring.com,6,*,*,*,443,*,forward
748,9e:8d:de:80:29:28,*,0x800,*,fw.ring.com,6,*,*,*,80,*,forward
749,9e:8d:de:80:29:28,*,0x800,*,rss-dpd-service.ring.com,6,*,*,*,9998,*,forward
750,9e:8d:de:80:29:28,*,0x800,*,2.pool.ntp.org,17,*,*,*,123,*,forward
751,9e:8d:de:80:29:28,*,0x800,*,8.8.8.8/32,17,*,*,*,53,*,forward
752,*,9e:8d:de:80:29:28,0x800,fw.ring.com,*,6,*,*,80,*,*,forward
753,*,*,0x800,*,*,17,*,*,53,*,*,forward
754,*,9e:8d:de:80:29:28,0x800,2.pool.ntp.org,*,17,*,*,123,*,*,forward
755,*,9e:8d:de:80:29:28,0x800,wu.ring.com,*,6,*,*,443,*,*,forward
756,*,*,0x800,*,*,17,*,*,67,*,*,forward
757,*,9e:8d:de:80:29:28,0x800,8.8.8.8/32,*,17,*,*,53,*,*,forward
758,*,9e:8d:de:80:29:28,0x800,rss-dpd-service.ring.com,*,6,*,*,9998,*,*,forward
759,*,*,0x888e,*,*,*,*,*,*,*,*,forward
760,*,*,0x0006,*,*,*,*,*,*,*,*,forward
761,9e:8d:de:80:29:28,*,0x800,*,europe.pool.ntp.org,17,*,*,*,123,*,forward
762,9e:8d:de:80:29:28,*,*,*,224.0.0.251/32,2,*,*,*,*,*,forward
763,*,*,0x800,*,*,6,*,*,*,*,*,forward
764,9e:8d:de:80:29:28,*,*,*,224.0.0.22/32,2,*,*,*,*,*,forward
765,9e:8d:de:80:29:28,*,0x800,*,239.255.255.250/32,17,*,*,*,1900,*,forward
766,9e:8d:de:80:29:28,ff:ff:ff:ff:ff:ff,0x800,*,255.255.255.255/32,17,*,*,*,67,*,forward
767,*,*,0x800,*,*,17,*,*,*,*,*,forward
768,9e:8d:de:80:29:28,*,0x800,*,pool.ntp.org,17,*,*,*,123,*,forward
769,*,*,0x800,*,*,6,*,*,*,*,*,forward
770,9e:8d:de:80:29:28,*,*,*,239.255.255.250/32,2,*,*,*,*,*,forward
771,*,*,0x800,*,*,17,*,*,*,53,*,forward
772,*,*,0x800,*,*,6,*,*,49152,*,*,forward
773,*,*,0x800,*,*,17,*,*,*,*,*,forward
774,9e:8d:de:80:29:28,*,0x800,*,xmpp.samsungsmartcam.com,6,*,*,*,5222,*,forward
775,*,*,0x800,*,*,17,*,*,*,67,*,forward
776,9e:8d:de:80:29:28,*,0x800,*,asia.pool.ntp.org,17,*,*,*,123,*,forward
777,9e:8d:de:80:29:28,*,0x800,*,media.samsungsmartcam.com,6,*,*,*,443,*,forward
778,9e:8d:de:80:29:28,*,*,*,224.0.0.2/32,2,*,*,*,*,*,forward
779,*,*,0x800,*,*,6,*,*,80,*,*,forward
780,*,*,0x800,*,*,17,*,*,53,*,*,forward
781,*,*,0x800,*,*,6,*,*,*,*,*,forward
782,*,9e:8d:de:80:29:28,0x800,europe.pool.ntp.org,*,17,*,*,123,*,*,forward
783,*,*,0x800,*,*,6,*,*,*,*,*,forward
784,*,9e:8d:de:80:29:28,0x800,asia.pool.ntp.org,*,17,*,*,123,*,*,forward
785,*,9e:8d:de:80:29:28,0x800,media.samsungsmartcam.com,*,6,*,*,443,*,*,forward
786,*,*,0x800,*,*,17,*,*,*,*,*,forward
787,*,*,0x800,*,*,17,*,*,67,*,*,forward
788,*,*,0x800,*,*,17,*,*,*,*,*,forward
789,*,*,0x800,*,*,6,*,*,*,49152,*,forward
790,*,*,0x800,*,*,6,*,*,*,80,*,forward
791,*,9e:8d:de:80:29:28,0x800,xmpp.samsungsmartcam.com,*,6,*,*,5222,*,*,forward
792,*,9e:8d:de:80:29:28,0x800,pool.ntp.org,*,17,*,*,123,*,*,forward
793,*,*,*,*,*,58,*,*,*,*,*,forward
794,*,*,*,*,*,17,*,*,*,1900,*,forward
795,*,*,*,*,*,17,*,*,*,5353,*,forward
796,*,*,*,*,*,58,*,*,*,*,*,forward
797,*,*,*,*,*,0,*,*,*,*,*,forward
798,*,*,0x0006,*,*,*,*,*,*,*,*,forward
799,*,*,0x888e,*,*,*,*,*,*,*,*,forward
800,9e:8d:de:80:29:28,*,0x800,*,pool.ntp.org,17,*,*,*,123,*,forward
801,*,*,0x800,*,*,17,*,*,*,53,*,forward
802,9e:8d:de:80:29:28,*,0x800,*,dc-na02-useast1.connect.smartthings.com,6,*,*,*,443,*,forward
803,9e:8d:de:80:29:28,ff:ff:ff:ff:ff:ff,0x800,*,255.255.255.255/32,17,*,*,*,67,*,forward
804,9e:8d:de:80:29:28,*,0x800,*,239.255.255.250/32,17,*,*,*,1900,*,forward
805,9e:8d:de:80:29:28,*,0x800,*,DC.connect.smartthings.com,6,*,*,*,443,*,forward
806,*,*,0x800,*,*,17,*,*,*,39402,*,forward
807,*,*,0x800,*,*,17,*,*,*,39401,*,forward
808,*,*,0x800,*,*,17,*,*,53,*,*,forward
809,*,9e:8d:de:80:29:28,0x800,DC.connect.smartthings.com,*,6,*,*,443,*,*,forward
810,*,*,0x800,*,*,17,*,*,67,*,*,forward
811,*,9e:8d:de:80:29:28,0x800,dc-na02-useast1.connect.smartthings.com,*,6,*,*,443,*,*,forward
812,*,*,0x800,*,*,17,*,*,*,39400,*,forward
813,*,9e:8d:de:80:29:28,0x800,pool.ntp.org,*,17,*,*,123,*,*,forward
814,9e:8d:de:80:29:28,*,*,*,224.0.0.1/32,2,*,*,*,*,*,forward
815,*,*,0x800,*,*,17,*,*,*,67,*,forward
816,9e:8d:de:80:29:28,*,0x800,*,ipc.tplinkcloud.com,6,*,*,*,443,*,forward
817,9e:8d:de:80:29:28,*,0x800,*,0.pool.ntp.org,17,*,*,*,123,*,forward
818,9e:8d:de:80:29:28,ff:ff:ff:ff:ff:ff,0x800,*,255.255.255.255/32,17,*,*,*,67,*,forward
819,9e:8d:de:80:29:28,*,0x800,*,ipc.tplinkcloud.com,6,*,*,*,80,*,forward
820,9e:8d:de:80:29:28,*,0x800,*,ipcserv.tplinkcloud.com,6,*,*,*,80,*,forward
821,*,*,0x800,*,*,17,*,*,*,*,*,forward
822,9e:8d:de:80:29:28,*,0x800,*,devs.tplinkcloud.com,6,*,*,*,443,*,forward
823,9e:8d:de:80:29:28,*,0x800,*,224.0.0.251/32,17,*,*,*,5353,*,forward
824,9e:8d:de:80:29:28,*,0x800,*,sg-stun.tplinkcloud.com,17,*,*,*,3478,*,forward
825,*,*,0x800,*,*,17,*,*,1068,*,*,forward
826,*,*,0x800,*,*,17,*,*,*,53,*,forward
827,*,*,0x800,*,*,6,*,*,8080,*,*,forward
828,9e:8d:de:80:29:28,*,0x800,*,aps1-relay.tplinkcloud.com,6,*,*,*,80,*,forward
829,9e:8d:de:80:29:28,*,*,*,224.0.0.2/32,2,*,*,*,*,*,forward
830,9e:8d:de:80:29:28,*,0x800,*,ipcserv.tplinkcloud.com,6,*,*,*,443,*,forward
831,*,*,0x800,*,*,6,*,*,80,*,*,forward
832,*,9e:8d:de:80:29:28,0x800,0.pool.ntp.org,*,17,*,*,123,*,*,forward
833,*,*,0x800,*,*,17,*,*,53,*,*,forward
834,*,9e:8d:de:80:29:28,0x800,ipc.tplinkcloud.com,*,6,*,*,80,*,*,forward
835,*,9e:8d:de:80:29:28,0x800,ipcserv.tplinkcloud.com,*,6,*,*,443,*,*,forward
836,*,9e:8d:de:80:29:28,0x800,ipcserv.tplinkcloud.com,*,6,*,*,80,*,*,forward
837,*,9e:8d:de:80:29:28,0x800,sg-stun.tplinkcloud.com,*,17,*,*,3478,*,*,forward
838,*,9e:8d:de:80:29:28,0x800,devs.tplinkcloud.com,*,6,*,*,443,*,*,forward
839,*,*,0x800,*,*,6,*,*,*,8080,*,forward
840,*,*,0x800,*,*,17,*,*,67,*,*,forward
841,*,9e:8d:de:80:29:28,0x800,aps1-relay.tplinkcloud.com,*,6,*,*,80,*,*,forward
842,*,*,0x800,*,*,17,*,*,*,*,*,forward
843,*,*,0x800,*,*,6,*,*,*,80,*,forward
844,*,9e:8d:de:80:29:28,0x800,ipc.tplinkcloud.com,*,6,*,*,443,*,*,forward
845,*,*,0x888e,*,*,*,*,*,*,*,*,forward
846,*,*,0x0006,*,*,*,*,*,*,*,*,forward
847,9e:8d:de:80:29:28,*,0x800,*,ru.pool.ntp.org,17,*,*,*,123,*,forward
848,*,*,0x800,*,*,17,*,*,*,67,*,forward
849,9e:8d:de:80:29:28,*,0x800,*,devs.tplinkcloud.com,6,*,*,*,50443,*,forward
850,9e:8d:de:80:29:28,*,0x800,*,de.pool.ntp.org,17,*,*,*,123,*,forward
851,9e:8d:de:80:29:28,*,0x800,*,s1b.time.edu.cn,17,*,*,*,123,*,forward
852,9e:8d:de:80:29:28,ff:ff:ff:ff:ff:ff,0x800,*,255.255.255.255/32,17,*,*,*,67,*,forward
853,9e:8d:de:80:29:28,*,0x800,*,time-b.nist.gov,17,*,*,*,123,*,forward
854,9e:8d:de:80:29:28,*,0x800,*,0.cn.pool.ntp.org,17,*,*,*,123,*,forward
855,*,*,0x800,*,*,17,*,*,9999,*,*,forward
856,9e:8d:de:80:29:28,*,0x800,*,1.asia.pool.ntp.org,17,*,*,*,123,*,forward
857,9e:8d:de:80:29:28,*,0x800,*,ca.pool.ntp.org,17,*,*,*,123,*,forward
858,*,*,0x800,*,*,17,*,*,*,53,*,forward
859,9e:8d:de:80:29:28,*,0x800,*,us.pool.ntp.org,17,*,*,*,123,*,forward
860,9e:8d:de:80:29:28,*,0x800,*,uk.pool.ntp.org,17,*,*,*,123,*,forward
861,9e:8d:de:80:29:28,*,0x800,*,fr.pool.ntp.org,17,*,*,*,123,*,forward
862,*,*,0x800,*,*,6,*,*,9999,*,*,forward
863,*,9e:8d:de:80:29:28,0x800,s1b.time.edu.cn,*,17,*,*,123,*,*,forward
864,*,9e:8d:de:80:29:28,0x800,fr.pool.ntp.org,*,17,*,*,123,*,*,forward
865,*,*,0x800,*,*,17,*,*,53,*,*,forward
866,*,9e:8d:de:80:29:28,0x800,de.pool.ntp.org,*,17,*,*,123,*,*,forward
867,*,9e:8d:de:80:29:28,0x800,us.pool.ntp.org,*,17,*,*,123,*,*,forward
868,*,9e:8d:de:80:29:28,0x800,ca.pool.ntp.org,*,17,*,*,123,*,*,forward
869,*,9e:8d:de:80:29:28,0x800,0.cn.pool.ntp.org,*,17,*,*,123,*,*,forward
870,*,9e:8d:de:80:29:28,0x800,uk.pool.ntp.org,*,17,*,*,123,*,*,forward
871,*,9e:8d:de:80:29:28,0x800,time-b.nist.gov,*,17,*,*,123,*,*,forward
872,*,*,0x800,*,*,6,*,*,*,9999,*,forward
873,*,9e:8d:de:80:29:28,0x800,ru.pool.ntp.org,*,17,*,*,123,*,*,forward
874,*,*,0x800,*,*,17,*,*,67,*,*,forward
875,*,9e:8d:de:80:29:28,0x800,1.asia.pool.ntp.org,*,17,*,*,123,*,*,forward
876,*,9e:8d:de:80:29:28,0x800,devs.tplinkcloud.com,*,6,*,*,50443,*,*,forward
877,*,*,0x888e,*,*,*,*,*,*,*,*,forward
878,*,*,0x0006,*,*,*,*,*,*,*,*,forward
879,9e:8d:de:80:29:28,*,0x800,*,sip.aws.invoxia.io,17,*,*,*,10003,*,forward
880,9e:8d:de:80:29:28,*,0x800,*,crossbar.invoxia.io,6,*,*,*,8090,*,forward
881,9e:8d:de:80:29:28,*,0x800,*,playerservices.streamtheworld.com,6,*,*,*,80,*,forward
882,9e:8d:de:80:29:28,*,0x800,*,0.invoxia.pool.ntp.org,17,*,*,*,123,*,forward
883,9e:8d:de:80:29:28,ff:ff:ff:ff:ff:ff,0x800,*,255.255.255.255/32,17,*,*,*,67,*,forward
884,9e:8d:de:80:29:28,*,0x800,*,2.invoxia.pool.ntp.org,17,*,*,*,123,*,forward
885,9e:8d:de:80:29:28,*,0x800,*,sip.aws.invoxia.io,17,*,*,*,10002,*,forward
886,*,*,0x800,*,*,17,*,*,*,53,*,forward
887,9e:8d:de:80:29:28,*,0x800,*,18393.live.streamtheworld.com,6,*,*,*,80,*,forward
888,9e:8d:de:80:29:28,*,0x800,*,1129153316.airable.io,6,*,*,*,80,*,forward
889,9e:8d:de:80:29:28,*,0x800,*,whatismyip.akamai.com,6,*,*,*,80,*,forward
890,*,*,0x800,*,*,17,*,*,*,67,*,forward
891,9e:8d:de:80:29:28,*,0x800,*,sip.aws.invoxia.io,6,*,*,*,5228,*,forward
892,9e:8d:de:80:29:28,*,0x800,*,streaming.novaentertainment.com.au,6,*,*,*,80,*,forward
893,9e:8d:de:80:29:28,*,0x800,*,224.0.0.251/32,17,*,*,*,5353,*,forward
894,9e:8d:de:80:29:28,*,0x800,*,ws.invoxia.io,6,*,*,*,443,*,forward
895,9e:8d:de:80:29:28,*,0x800,*,3.invoxia.pool.ntp.org,17,*,*,*,123,*,forward
896,9e:8d:de:80:29:28,*,0x800,*,esdk-ffl.spotify.com,6,*,*,*,80,*,forward
897,9e:8d:de:80:29:28,*,0x800,*,developer.invoxia.com,6,*,*,*,80,*,forward
898,9e:8d:de:80:29:28,*,0x800,*,15373.live.streamtheworld.com,6,*,*,*,80,*,forward
899,*,*,0x800,*,*,17,*,*,53,*,*,forward
900,*,9e:8d:de:80:29:28,0x800,1129153316.airable.io,*,6,*,*,80,*,*,forward
901,*,9e:8d:de:80:29:28,0x800,2.invoxia.pool.ntp.org,*,17,*,*,123,*,*,forward
902,*,9e:8d:de:80:29:28,0x800,streaming.novaentertainment.com.au,*,6,*,*,80,*,*,forward
903,*,9e:8d:de:80:29:28,0x800,playerservices.streamtheworld.com,*,6,*,*,80,*,*,forward
904,*,9e:8d:de:80:29:28,0x800,18393.live.streamtheworld.com,*,6,*,*,80,*,*,forward
905,*,9e:8d:de:80:29:28,0x800,15373.live.streamtheworld.com,*,6,*,*,80,*,*,forward
906,*,9e:8d:de:80:29:28,0x800,sip.aws.invoxia.io,*,6,*,*,5228,*,*,forward
907,*,9e:8d:de:80:29:28,0x800,sip.aws.invoxia.io,*,17,*,*,10002,*,*,forward
908,*,9e:8d:de:80:29:28,0x800,developer.invoxia.com,*,6,*,*,80,*,*,forward
909,*,9e:8d:de:80:29:28,0x800,whatismyip.akamai.com,*,6,*,*,80,*,*,forward
910,*,*,0x800,*,*,17,*,*,67,*,*,forward
911,*,9e:8d:de:80:29:28,0x800,ws.invoxia.io,*,6,*,*,443,*,*,forward
912,*,9e:8d:de:80:29:28,0x800,esdk-ffl.spotify.com,*,6,*,*,80,*,*,forward
913,*,9e:8d:de:80:29:28,0x800,0.invoxia.pool.ntp.org,*,17,*,*,123,*,*,forward
914,*,9e:8d:de:80:29:28,0x800,3.invoxia.pool.ntp.org,*,17,*,*,123,*,*,forward
915,*,9e:8d:de:80:29:28,0x800,crossbar.invoxia.io,*,6,*,*,8090,*,*,forward
916,*,*,*,*,*,58,*,*,*,*,*,forward
917,*,*,*,*,*,17,*,*,*,5353,*,forward
918,*,*,*,*,*,58,*,*,*,*,*,forward
919,*,*,*,*,*,0,*,*,*,*,*,forward
920,*,*,0x0006,*,*,*,*,*,*,*,*,forward
921,*,*,0x888e,*,*,*,*,*,*,*,*,forward
922,9e:8d:de:80:29:28,*,*,*,224.0.0.22/32,2,*,*,*,*,*,forward
923,9e:8d:de:80:29:28,*,0x800,*,xbcs.net,6,*,*,*,8443,*,forward
924,9e:8d:de:80:29:28,*,0x800,*,239.255.255.250/32,17,*,*,*,1900,*,forward
925,9e:8d:de:80:29:28,ff:ff:ff:ff:ff:ff,0x800,*,255.255.255.255/32,17,*,*,*,67,*,forward
926,9e:8d:de:80:29:28,*,0x800,*,129.132.2.21/32,17,*,*,*,123,*,forward
927,*,*,0x800,*,*,1,8,0,*,*,*,forward
928,9e:8d:de:80:29:28,*,0x800,*,tunnel.xbcs.net,6,*,*,*,3478,*,forward
929,9e:8d:de:80:29:28,*,0x800,*,devices.xbcs.net,6,*,*,*,8899,*,forward
930,9e:8d:de:80:29:28,*,*,*,239.255.255.250/32,2,*,*,*,*,*,forward
931,*,*,0x800,*,*,17,*,*,*,53,*,forward
932,*,*,0x800,*,*,6,*,*,49152,*,*,forward
933,*,*,0x800,*,*,17,*,*,*,*,*,forward
934,9e:8d:de:80:29:28,*,*,*,224.0.0.2/32,2,*,*,*,*,*,forward
935,9e:8d:de:80:29:28,*,0x800,*,132.163.4.102/32,17,*,*,*,123,*,forward
936,*,*,0x800,*,*,6,*,*,49153,*,*,forward
937,*,9e:8d:de:80:29:28,0x800,129.132.2.21/32,*,17,*,*,123,*,*,forward
938,*,*,0x800,*,*,1,0,0,*,*,*,forward
939,*,*,0x800,*,*,17,*,*,*,*,*,forward
940,*,*,0x800,*,*,17,*,*,53,*,*,forward
941,*,*,0x800,*,*,6,*,*,*,49153,*,forward
942,*,9e:8d:de:80:29:28,0x800,xbcs.net,*,6,*,*,8443,*,*,forward
943,*,*,0x800,*,*,17,*,*,67,*,*,forward
944,*,9e:8d:de:80:29:28,0x800,devices.xbcs.net,*,6,*,*,8899,*,*,forward
945,*,*,0x800,*,*,6,*,*,*,49152,*,forward
946,*,9e:8d:de:80:29:28,0x800,132.163.4.102/32,*,17,*,*,123,*,*,forward
947,*,9e:8d:de:80:29:28,0x800,tunnel.xbcs.net,*,6,*,*,3478,*,*,forward
948,*,*,*,*,*,0,*,*,*,*,*,forward
949,*,*,*,*,*,58,*,*,*,*,*,forward
950,*,*,*,*,*,58,*,*,*,*,*,forward
951,*,*,0x888e,*,*,*,*,*,*,*,*,forward
952,*,*,0x0006,*,*,*,*,*,*,*,*,forward
953,9e:8d:de:80:29:28,*,0x800,*,api.xbcs.net,6,*,*,*,8443,*,forward
954,*,*,0x800,*,*,17,*,*,*,67,*,forward
955,9e:8d:de:80:29:28,*,*,*,224.0.0.22/32,2,*,*,*,*,*,forward
956,9e:8d:de:80:29:28,*,0x800,*,239.255.255.250/32,17,*,*,*,1900,*,forward
957,9e:8d:de:80:29:28,ff:ff:ff:ff:ff:ff,0x800,*,255.255.255.255/32,17,*,*,*,67,*,forward
958,*,*,0x800,*,*,6,*,*,*,3478,*,forward
959,9e:8d:de:80:29:28,*,0x800,*,208.67.222.222/32,1,8,0,*,*,*,forward
960,9e:8d:de:80:29:28,*,0x800,*,129.132.2.21/32,17,*,*,*,123,*,forward
961,*,*,0x800,*,*,1,8,0,*,*,*,forward
962,9e:8d:de:80:29:28,*,0x800,*,4.2.2.2/32,1,8,0,*,*,*,forward
963,*,*,0x800,*,*,17,*,*,*,53,*,forward
964,*,*,0x800,*,*,6,*,*,49154,*,*,forward
965,9e:8d:de:80:29:28,*,0x800,*,130.149.17.8/32,17,*,*,*,123,*,forward
966,*,*,0x800,*,*,17,*,*,*,*,*,forward
967,9e:8d:de:80:29:28,*,0x800,*,nat.xbcs.net,6,*,*,*,3475,*,forward
968,9e:8d:de:80:29:28,*,0x800,*,8.8.8.8/32,1,8,0,*,*,*,forward
969,*,*,0x800,*,*,6,*,*,49153,*,*,forward
970,*,*,0x800,*,*,1,0,0,*,*,*,forward
971,*,*,0x800,*,*,17,*,*,53,*,*,forward
972,*,*,0x800,*,*,6,*,*,*,49153,*,forward
973,*,9e:8d:de:80:29:28,0x800,130.149.17.8/32,*,17,*,*,123,*,*,forward
974,*,9e:8d:de:80:29:28,0x800,129.132.2.21/32,*,17,*,*,123,*,*,forward
975,*,9e:8d:de:80:29:28,0x800,4.2.2.2/32,*,1,0,0,*,*,*,forward
976,*,*,0x800,*,*,6,*,*,*,49154,*,forward
977,*,*,0x800,*,*,17,*,*,*,*,*,forward
978,*,*,0x800,*,*,17,*,*,67,*,*,forward
979,*,9e:8d:de:80:29:28,0x800,8.8.8.8/32,*,1,0,0,*,*,*,forward
980,*,9e:8d:de:80:29:28,0x800,208.67.222.222/32,*,1,0,0,*,*,*,forward
981,*,*,0x800,*,*,6,*,*,3478,*,*,forward
982,*,9e:8d:de:80:29:28,0x800,nat.xbcs.net,*,6,*,*,3475,*,*,forward
983,*,9e:8d:de:80:29:28,0x800,api.xbcs.net,*,6,*,*,8443,*,*,forward
984,*,*,0x888e,*,*,*,*,*,*,*,*,forward
985,*,*,0x0006,*,*,*,*,*,*,*,*,forward
986,9e:8d:de:80:29:28,*,0x800,*,fr-eqx-fwd-06.withings.com,6,*,*,*,1935,*,forward
987,9e:8d:de:80:29:28,*,0x800,*,fr-on-fwd-03.withings.net,6,*,*,*,1935,*,forward
988,*,*,0x800,*,*,17,*,*,*,53,*,forward
989,9e:8d:de:80:29:28,ff:ff:ff:ff:ff:ff,0x800,*,255.255.255.255/32,17,*,*,*,67,*,forward
990,9e:8d:de:80:29:28,*,0x800,*,fr-on-vm-02-lxc-03.withings.net,6,*,*,*,1935,*,forward
991,9e:8d:de:80:29:28,*,0x800,*,fr-on-vm-02-lxc-05.withings.net,6,*,*,*,1935,*,forward
992,9e:8d:de:80:29:28,*,0x800,*,us-iweb-fwd-01-lxc-04.withings.net,6,*,*,*,1935,*,forward
993,9e:8d:de:80:29:28,*,0x800,*,224.0.0.251/32,17,*,*,*,5353,*,forward
994,9e:8d:de:80:29:28,*,0x800,*,fr-ovh-fwd-03.withings.net,6,*,*,*,1935,*,forward
995,9e:8d:de:80:29:28,*,0x800,*,babyws.withings.net,6,*,*,*,80,*,forward
996,*,9e:8d:de:80:29:28,0x800,babyws.withings.net,*,6,*,*,80,*,*,forward
997,*,9e:8d:de:80:29:28,0x800,fr-on-vm-02-lxc-03.withings.net,*,6,*,*,1935,*,*,forward
998,*,*,0x800,*,*,17,*,*,53,*,*,forward
999,*,*,0x800,*,*,17,*,*,67,*,*,forward
1000,*,9e:8d:de:80:29:28,0x800,fr-ovh-fwd-03.withings.net,*,6,*,*,1935,*,*,forward
1001,*,9e:8d:de:80:29:28,0x800,fr-on-fwd-03.withings.net,*,6,*,*,1935,*,*,forward
1002,*,9e:8d:de:80:29:28,0x800,fr-on-vm-02-lxc-05.withings.net,*,6,*,*,1935,*,*,forward
1003,*,9e:8d:de:80:29:28,0x800,fr-eqx-fwd-06.withings.com,*,6,*,*,1935,*,*,forward
1004,*,9e:8d:de:80:29:28,0x800,us-iweb-fwd-01-lxc-04.withings.net,*,6,*,*,1935,*,*,forward
1005,*,ff:ff:ff:ff:ff:ff,0x800,*,*,17,*,*,*,67,*,forward
1006,9e:8d:de:80:29:28,*,0x800,*,wbs04-ws.withings.net,6,*,*,*,443,*,forward
1007,*,*,0x800,*,*,17,*,*,*,53,*,forward
1008,9e:8d:de:80:29:28,ff:ff:ff:ff:ff:ff,0x800,*,255.255.255.255/32,17,*,*,*,67,*,forward
1009,*,9e:8d:de:80:29:28,0x800,wbs04-ws.withings.net,*,6,*,*,443,*,*,forward
1010,*,*,0x800,*,*,17,*,*,53,*,*,forward
1011,*,*,0x800,*,*,17,*,*,67,*,*,forward
1012,*,*,0x888e,*,*,*,*,*,*,*,*,forward
1013,*,*,0x0006,*,*,*,*,*,*,*,*,forward
1014,9e:8d:de:80:29:28,*,0x800,*,scalews.withings.net,6,*,*,*,443,*,forward
1015,*,*,0x800,*,*,17,*,*,*,53,*,forward
1016,9e:8d:de:80:29:28,*,*,*,224.0.0.22/32,2,*,*,*,*,*,forward
1017,9e:8d:de:80:29:28,ff:ff:ff:ff:ff:ff,0x800,*,255.255.255.255/32,17,*,*,*,67,*,forward
1018,9e:8d:de:80:29:28,*,0x800,*,scalews.withings.net,6,*,*,*,80,*,forward
1019,9e:8d:de:80:29:28,*,0x800,*,224.0.0.251/32,17,*,*,*,5353,*,forward
1020,*,*,0x800,*,*,17,*,*,53,*,*,forward
1021,*,9e:8d:de:80:29:28,0x800,scalews.withings.net,*,6,*,*,443,*,*,forward
1022,*,*,0x800,*,*,17,*,*,67,*,*,forward
1023,*,9e:8d:de:80:29:28,0x800,scalews.withings.net,*,6,*,*,80,*,*,forward
1024,*,*,0x888e,*,*,*,*,*,*,*,*,forward
